dimension_id,dimension_name,option_a_id,option_a_display,option_b_id,option_b_display,choice,confidence,reasoning,high_pole_description_a,high_pole_description_b
1,Flavor Intensity,0,Nicosia 2013 Vulkà Bianco  (Etna),2,Rainstorm 2013 Pinot Gris (Willamette Valley),B,clear,"Option A has a more subtle flavor profile with aromas of tropical fruit, broom, brimstone, and dried herbs, along with a palate that offers unripened apple, citrus, and dried sage. In contrast, Option B is described as tart and snappy with dominant flavors of lime and green pineapple, indicating a more bold and expressive flavor intensity.",Subtle,Bold
1,Flavor Intensity,1,Quinta dos Avidagos 2011 Avidagos Red (Douro),6,Terre di Giurfo 2013 Belsito Frappato (Vittoria),A,clear,"Option A describes a wine with firm tannins and juicy red berry fruits, indicating a richer and more structured flavor profile. Option B, on the other hand, is described as bright and informal with fresh acidity and soft tannins, suggesting a milder flavor intensity. The difference in flavor intensity between these wines is clear.",Bold and structured,Subtle and fresh
1,Flavor Intensity,10,Kirkland Signature 2011 Mountain Cuvée Cabernet Sauvignon (Napa Valley),9,Jean-Baptiste Adam 2012 Les Natures Pinot Gris (Alsace),A,clear,"Option A describes a wine with rich and powerful flavors, including notes of oak, coffee, and chocolate, which indicate a bold and intense flavor profile. In contrast, Option B focuses on fresh, crisp flavors like apple and pear, suggesting a more subtle and delicate taste experience.",Bold,Subtle
1,Flavor Intensity,11,Leon Beyer 2012 Gewurztraminer (Alsace),5,Tandem 2011 Ars In Vitro Tempranillo-Merlot (Navarra),B,clear,"Option A describes a wine with a 'tight, taut texture' and 'mineral character', indicating a subtle flavor profile. Option B, however, mentions a 'fairly full bodied' wine with 'spicy, herbal flavors' and a 'grabby' finish, suggesting a more bold and powerful flavor intensity.",Subtle,Bold
1,Flavor Intensity,3,St. Julian 2013 Reserve Late Harvest Riesling (Lake Michigan Shore),0,Nicosia 2013 Vulkà Bianco  (Etna),A,clear,"Option A describes a wine with more opulent and rich flavors like honey-drizzled guava and mango, indicating a higher intensity. Option B, while having some tropical fruit notes, is described as 'not overly expressive' and 'brisk acidity', suggesting a milder flavor profile.",bold and powerful flavors,subtle and understated flavors
1,Flavor Intensity,4,Sweet Cheeks 2012 Vintner's Reserve Wild Child Block Pinot Noir (Willamette Valley),7,Trimbach 2012 Gewurztraminer (Alsace),B,clear,"Option A describes a wine with rustic, earthy, and herbal characteristics, indicating a subtle flavor profile. In contrast, Option B mentions a wine with spice in profusion, suggesting a more bold and flavorful wine.",Subtle,Bold
1,Flavor Intensity,8,Heinz Eifel 2013 Shine Gewürztraminer (Rheinhessen),10,Kirkland Signature 2011 Mountain Cuvée Cabernet Sauvignon (Napa Valley),B,clear,"Option A describes a wine with 'savory dried thyme notes' and 'fruity and fresh' flavors, indicating a subtle and balanced profile. In contrast, Option B mentions 'soft, supple plum', 'oaky structure', and 'coffee and chocolate', suggesting a richer and more robust flavor profile.",Subtle,Bold
1,Flavor Intensity,1,Quinta dos Avidagos 2011 Avidagos Red (Douro),3,St. Julian 2013 Reserve Late Harvest Riesling (Lake Michigan Shore),B,clear,"Option A describes a wine with firm tannins and juicy red berry fruits, indicating a balanced but not overly bold flavor profile. Option B, however, uses terms like 'opulent', 'honey-drizzled', and 'semidry finish', suggesting a richer and more complex flavor intensity.",Balanced and structured,Rich and complex
1,Flavor Intensity,11,Leon Beyer 2012 Gewurztraminer (Alsace),7,Trimbach 2012 Gewurztraminer (Alsace),A,clear,"Option A describes a wine with a 'tight, taut texture' and 'strongly mineral character', indicating a more complex and intense flavor profile compared to Option B, which is described as 'dry and restrained'.",bold and complex,restrained and balanced
1,Flavor Intensity,2,Rainstorm 2013 Pinot Gris (Willamette Valley),3,St. Julian 2013 Reserve Late Harvest Riesling (Lake Michigan Shore),B,clear,"Option A describes a wine with tart and snappy flavors, dominated by lime and green pineapple, with crisp acidity. This suggests a subtle flavor profile. In contrast, Option B mentions opulent notes of honey-drizzled guava and mango, indicating a richer and more complex flavor profile.",Subtle,Bold
1,Flavor Intensity,4,Sweet Cheeks 2012 Vintner's Reserve Wild Child Block Pinot Noir (Willamette Valley),9,Jean-Baptiste Adam 2012 Les Natures Pinot Gris (Alsace),B,clear,"Option A describes a wine with rustic, earthy, and herbal characteristics, indicating a subtle flavor profile. In contrast, Option B is described as having great depth of flavor with fresh apple and pear fruits and a touch of spice, suggesting a more bold and complex flavor intensity.",Subtle,Bold
1,Flavor Intensity,5,Tandem 2011 Ars In Vitro Tempranillo-Merlot (Navarra),4,Sweet Cheeks 2012 Vintner's Reserve Wild Child Block Pinot Noir (Willamette Valley),A,clear,"Option A describes a wine with fuller body, tomatoey acidity, and spicy, herbal flavors that complement dark plum fruit, indicating a bold and rich flavor profile. Option B, however, is described as rough, tannic, and rustic, suggesting a more subtle and understated flavor profile.",Bold,Subtle
1,Flavor Intensity,6,Terre di Giurfo 2013 Belsito Frappato (Vittoria),8,Heinz Eifel 2013 Shine Gewürztraminer (Rheinhessen),B,clear,"Option A describes a wine with balanced and fresh characteristics, suggesting a moderate flavor intensity. Option B, however, highlights a fruitier and more aromatic profile, indicating a slightly higher flavor intensity.",Balanced and fresh,Fruity and aromatic
1,Flavor Intensity,0,Nicosia 2013 Vulkà Bianco  (Etna),9,Jean-Baptiste Adam 2012 Les Natures Pinot Gris (Alsace),B,clear,"Option A describes a wine with aromas of tropical fruit, broom, brimstone, and dried herbs, but the palate is not overly expressive, indicating a more subtle flavor intensity. In contrast, Option B is described as having great depth of flavor with fresh apple and pear fruits and a touch of spice, suggesting a richer and more powerful flavor profile.",Subtle,Bold
1,Flavor Intensity,1,Quinta dos Avidagos 2011 Avidagos Red (Douro),4,Sweet Cheeks 2012 Vintner's Reserve Wild Child Block Pinot Noir (Willamette Valley),A,clear,"Option A describes a wine with firm tannins and juicy red berry fruits, indicating a richer and more structured flavor profile. In contrast, Option B mentions a rough and tannic wine with rustic, earthy characteristics, suggesting a more subtle and understated flavor. Both wines have similar critic scores, but their descriptions differ significantly in terms of flavor intensity.",Bold and structured,Subtle and rustic
1,Flavor Intensity,10,Kirkland Signature 2011 Mountain Cuvée Cabernet Sauvignon (Napa Valley),3,St. Julian 2013 Reserve Late Harvest Riesling (Lake Michigan Shore),A,clear,"Option A describes a wine with a 'soft, supple' flavor profile that is supported by oak and finishes 'strong', indicating a bold and rich flavor intensity. Option B, however, focuses on fruity and aromatic notes like pineapple, lemon, and mango, suggesting a more subtle and delicate flavor profile.",Bold and rich,Subtle and fruity
1,Flavor Intensity,11,Leon Beyer 2012 Gewurztraminer (Alsace),0,Nicosia 2013 Vulkà Bianco  (Etna),A,clear,"Option A describes a wine with a 'tight, taut texture' and 'strongly mineral character', indicating a more focused and intense flavor profile. In contrast, Option B mentions 'unripened apple, citrus and dried sage alongside brisk acidity', suggesting a more balanced and less intense flavor profile.",Bold and focused,Balanced and subtle
1,Flavor Intensity,2,Rainstorm 2013 Pinot Gris (Willamette Valley),9,Jean-Baptiste Adam 2012 Les Natures Pinot Gris (Alsace),A,clear,"Option A describes a wine with tart and snappy flavors, dominated by lime and green pineapple, indicating a more focused and intense flavor profile. Option B, however, mentions 'great depth of flavor' with 'fresh apple and pear fruits' and 'touch of spice', suggesting a broader but perhaps less concentrated flavor profile.",Bold,Subtle
1,Flavor Intensity,5,Tandem 2011 Ars In Vitro Tempranillo-Merlot (Navarra),10,Kirkland Signature 2011 Mountain Cuvée Cabernet Sauvignon (Napa Valley),A,clear,"Option A describes a wine with 'fairly full bodied' and 'spicy, herbal flavors complement dark plum fruit', indicating a bold and rich flavor profile. Option B, on the other hand, mentions 'soft, supple plum' and 'oaky structure', suggesting a more subtle and smooth flavor intensity.",bold and rich,subtle and smooth
1,Flavor Intensity,6,Terre di Giurfo 2013 Belsito Frappato (Vittoria),11,Leon Beyer 2012 Gewurztraminer (Alsace),B,clear,"Option A describes a wine with balanced and fresh characteristics, indicating a subtle flavor intensity. Option B, however, is described with strong mineral and citrus notes, suggesting a more bold and powerful flavor profile.",Subtle,Bold
1,Flavor Intensity,7,Trimbach 2012 Gewurztraminer (Alsace),5,Tandem 2011 Ars In Vitro Tempranillo-Merlot (Navarra),B,clear,"Option A describes a wine with 'dry and restrained' flavors, indicating a subtle intensity. In contrast, Option B mentions 'fairly full bodied' and 'grabby' flavors, suggesting a more bold and powerful flavor profile.",Subtle,Bold
1,Flavor Intensity,8,Heinz Eifel 2013 Shine Gewürztraminer (Rheinhessen),1,Quinta dos Avidagos 2011 Avidagos Red (Douro),B,clear,"Option A describes a wine with 'savory dried thyme notes' and 'fruity and fresh' flavors, indicating a subtle intensity. In contrast, Option B mentions 'ripe and fruity', 'smooth while still structured', and 'juicy red berry fruits', suggesting a more bold and powerful flavor profile.",Subtle,Bold
1,Flavor Intensity,2,Rainstorm 2013 Pinot Gris (Willamette Valley),7,Trimbach 2012 Gewurztraminer (Alsace),A,clear,"Option A describes a wine with tart and snappy flavors, dominated by lime and green pineapple, indicating a more bold and intense flavor profile compared to Option B, which is described as dry and restrained with balanced acidity.",Bold and intense,Dry and restrained
2,Sweetness Level,0,Nicosia 2013 Vulkà Bianco  (Etna),6,Terre di Giurfo 2013 Belsito Frappato (Vittoria),B,clear,"Option A describes a wine with aromas of tropical fruit and dried herbs, and a palate of unripened apple and dried sage, indicating a dry profile. Option B, however, mentions candied berry aromas, suggesting a sweeter wine. Given the descriptions, Option B is more towards the high pole.",Dry,Sweet
2,Sweetness Level,1,Quinta dos Avidagos 2011 Avidagos Red (Douro),0,Nicosia 2013 Vulkà Bianco  (Etna),negligible,marginal,"Option A describes a wine with firm tannins and juicy red berry fruits, indicating a balanced profile without significant sweetness. Option B focuses on aromas of tropical fruit, brimstone, and dried herbs, with a palate that is unripened and citric, suggesting no notable sweetness.",balanced and fruity,tropical and herbal
2,Sweetness Level,10,Kirkland Signature 2011 Mountain Cuvée Cabernet Sauvignon (Napa Valley),7,Trimbach 2012 Gewurztraminer (Alsace),negligible,clear,"Option A describes a wine with an oaky structure and flavors of plum, coffee, and chocolate, but there is no mention of sweetness. Option B explicitly states it is a 'dry and restrained' wine, indicating no sweetness. Neither wine shows signs of being sweet.",Dry,Dry
2,Sweetness Level,11,Leon Beyer 2012 Gewurztraminer (Alsace),8,Heinz Eifel 2013 Shine Gewürztraminer (Rheinhessen),B,clear,"Option A is described as a 'dry wine' with a 'tight, taut texture and strongly mineral character', indicating it is closer to the low pole. Option B, however, is described as 'off-dry' with 'fruit[ful]' and 'savory' notes, placing it closer to the high pole.",Dry,Off-dry
2,Sweetness Level,2,Rainstorm 2013 Pinot Gris (Willamette Valley),5,Tandem 2011 Ars In Vitro Tempranillo-Merlot (Navarra),B,clear,"Option A is described as tart, snappy, and crisp, indicating a dry wine. Option B, however, mentions tomatoey acidity and spicy, herbal flavors, which could suggest a slightly sweeter profile, though not explicitly stated.",Dry,Slightly sweet
2,Sweetness Level,3,St. Julian 2013 Reserve Late Harvest Riesling (Lake Michigan Shore),1,Quinta dos Avidagos 2011 Avidagos Red (Douro),B,clear,"Option A is described as having a 'slightly astringent, semidry finish', indicating it is closer to the low pole. In contrast, Option B is described as 'smooth' and 'juicy', suggesting it is closer to the high pole.",Semidry finish,Smooth and juicy
2,Sweetness Level,4,Sweet Cheeks 2012 Vintner's Reserve Wild Child Block Pinot Noir (Willamette Valley),1,Quinta dos Avidagos 2011 Avidagos Red (Douro),B,clear,"Option A is described as 'rather rough and tannic' with 'rustic, earthy, herbal characteristics', indicating a dry wine. Option B is described as 'ripe and fruity' with 'juicy red berry fruits', suggesting a sweeter profile.",Dry,Sweet
2,Sweetness Level,9,Jean-Baptiste Adam 2012 Les Natures Pinot Gris (Alsace),10,Kirkland Signature 2011 Mountain Cuvée Cabernet Sauvignon (Napa Valley),A,clear,"Option A is described as 'off dry' with a balance of acidity and a crisp texture, indicating a slight sweetness but not overpowering. Option B is a robust Cabernet Sauvignon with an oaky structure and flavors of coffee and chocolate, suggesting a dry wine without any mention of sweetness.",Slightly sweet (off dry),Dry
2,Sweetness Level,11,Leon Beyer 2012 Gewurztraminer (Alsace),7,Trimbach 2012 Gewurztraminer (Alsace),negligible,clear,"Both wines are described as dry, with no indication of residual sugar. The tasting notes emphasize spiciness, acidity, and minerality, which are characteristics of dry wines.",Dry,Dry
2,Sweetness Level,2,Rainstorm 2013 Pinot Gris (Willamette Valley),7,Trimbach 2012 Gewurztraminer (Alsace),negligible,clear,"Option A is described as 'tart and snappy' with 'crisp acidity', indicating a dry wine. Option B, on the other hand, is explicitly described as 'dry and restrained'. Both wines are positioned near the low pole of the sweetness scale.",Dry,Dry
2,Sweetness Level,3,St. Julian 2013 Reserve Late Harvest Riesling (Lake Michigan Shore),11,Leon Beyer 2012 Gewurztraminer (Alsace),A,clear,"Option A describes a wine with honey-drizzled guava and mango notes, indicating a noticeable amount of residual sugar. In contrast, Option B is explicitly described as a dry wine with a crisp aftertaste. Therefore, Option A is clearly more towards the high pole of sweetness.",Sweet with honey-drizzled guava and mango notes,Dry with a crisp aftertaste
2,Sweetness Level,4,Sweet Cheeks 2012 Vintner's Reserve Wild Child Block Pinot Noir (Willamette Valley),7,Trimbach 2012 Gewurztraminer (Alsace),negligible,clear,"Option A is described as 'rather rough and tannic' with 'rustic, earthy, herbal characteristics', indicating a dry wine. Option B is explicitly described as 'dry and restrained'. Both wines are at the low pole of the sweetness scale.",Dry,Dry
2,Sweetness Level,5,Tandem 2011 Ars In Vitro Tempranillo-Merlot (Navarra),8,Heinz Eifel 2013 Shine Gewürztraminer (Rheinhessen),B,clear,"Option A describes a fairly full-bodied wine with tomatoey acidity and spicy, herbal flavors, indicating a dry profile. Option B, however, is described as 'off-dry' with 'savory dried thyme notes' and 'preserved peach' flavors, suggesting a slight sweetness.",Dry,Off-dry
2,Sweetness Level,6,Terre di Giurfo 2013 Belsito Frappato (Vittoria),5,Tandem 2011 Ars In Vitro Tempranillo-Merlot (Navarra),negligible,marginal,"Option A describes a wine with balanced acidity and soft tannins, indicating a dry profile. Option B mentions 'spicy, herbal flavors' and 'dark plum fruit', suggesting a slightly more complex but still not overtly sweet wine. Neither wine explicitly mentions sweetness, but the descriptions lean towards a drier profile.",Dry,Slightly herbal and fruity
2,Sweetness Level,9,Jean-Baptiste Adam 2012 Les Natures Pinot Gris (Alsace),5,Tandem 2011 Ars In Vitro Tempranillo-Merlot (Navarra),A,clear,"Option A is described as 'off dry' with a balance of acidity and a crisp texture, indicating a slight sweetness but not a dominant one. Option B does not mention any sweetness and focuses on its full body, acidity, and herbal/spicy flavors, suggesting it is closer to the dry end.",Slightly sweet (off dry),Dry
2,Sweetness Level,0,Nicosia 2013 Vulkà Bianco  (Etna),8,Heinz Eifel 2013 Shine Gewürztraminer (Rheinhessen),B,clear,"Option A is described as having 'brisk acidity' and 'unripened apple, citrus and dried sage', indicating a dry profile. In contrast, Option B is described as 'off-dry' with 'savory dried thyme notes' and 'flavors of preserved peach'. This suggests Option B is closer to the high pole.",Dry,Off-dry
2,Sweetness Level,10,Kirkland Signature 2011 Mountain Cuvée Cabernet Sauvignon (Napa Valley),2,Rainstorm 2013 Pinot Gris (Willamette Valley),B,clear,"Option A describes a full-bodied red wine with notes of plum and oak, indicating a dry finish. Option B, a Pinot Gris, is described as tart and crisp with citrus and green fruits, suggesting a lighter, possibly off-dry or slightly sweet profile.",Dry,Slightly Sweet
2,Sweetness Level,3,St. Julian 2013 Reserve Late Harvest Riesling (Lake Michigan Shore),2,Rainstorm 2013 Pinot Gris (Willamette Valley),A,clear,"Option A describes a 'slightly astringent, semidry finish' and mentions 'honey-drizzled guava and mango', indicating a slight sweetness. Option B is described as 'tart and snappy' with 'crisp acidity', suggesting a dry wine. The difference in sweetness is clear.",slightly sweet,dry
2,Sweetness Level,4,Sweet Cheeks 2012 Vintner's Reserve Wild Child Block Pinot Noir (Willamette Valley),10,Kirkland Signature 2011 Mountain Cuvée Cabernet Sauvignon (Napa Valley),B,clear,"Option A describes a wine with rustic, earthy, and herbal characteristics, indicating a dry wine. Option B, however, mentions soft, supple plum and cocoa notes, suggesting a wine with some sweetness. The difference is clear based on the tasting notes provided.",Dry,Sweet
2,Sweetness Level,6,Terre di Giurfo 2013 Belsito Frappato (Vittoria),1,Quinta dos Avidagos 2011 Avidagos Red (Douro),negligible,clear,"Option A describes a wine with balanced acidity and soft tannins, indicating a dry profile. Option B mentions firm tannins and juicy red berry fruits, suggesting a slightly more approachable but still dry wine. Neither wine shows clear signs of sweetness.",Dry,Dry
2,Sweetness Level,9,Jean-Baptiste Adam 2012 Les Natures Pinot Gris (Alsace),8,Heinz Eifel 2013 Shine Gewürztraminer (Rheinhessen),B,clear,"Option A is described as 'off dry' with a 'crisp texture', indicating a slight sweetness but still balanced. Option B is explicitly described as 'off-dry' and 'brisk', suggesting a similar level of sweetness but with more emphasis on freshness and fruitiness.",slightly sweet but balanced,off-dry with fruity and fresh notes
2,Sweetness Level,0,Nicosia 2013 Vulkà Bianco  (Etna),9,Jean-Baptiste Adam 2012 Les Natures Pinot Gris (Alsace),B,clear,"Option A is described as having 'brisk acidity' and 'unripened apple, citrus and dried sage', indicating a dry profile. Option B is described as 'off dry while balanced with acidity and a crisp texture', suggesting a slight sweetness.",Dry,Off dry
2,Sweetness Level,11,Leon Beyer 2012 Gewurztraminer (Alsace),6,Terre di Giurfo 2013 Belsito Frappato (Vittoria),B,clear,"Option A is described as a 'dry wine' with a 'tight, taut texture and strongly mineral character', indicating it is near the low pole. Option B, on the other hand, mentions 'candied berry' aromas and is described as 'balanced with fresh acidity and soft tannins', suggesting a more neutral to slightly sweet profile.",Dry,Balanced with fresh acidity and soft tannins
2,Sweetness Level,3,St. Julian 2013 Reserve Late Harvest Riesling (Lake Michigan Shore),4,Sweet Cheeks 2012 Vintner's Reserve Wild Child Block Pinot Noir (Willamette Valley),negligible,marginal,"Option A is described as 'slightly astringent, semidry finish', indicating it is closer to the low pole. Option B, however, is described as 'rather rough and tannic' without any indication of sweetness, placing it even further towards the low pole.",semidry,rough and tannic
3,Tannin Presence,0,Nicosia 2013 Vulkà Bianco  (Etna),8,Heinz Eifel 2013 Shine Gewürztraminer (Rheinhessen),B,clear,"Option A does not mention any tannins, indicating a smooth texture. Option B, however, describes a 'brisk' and 'elegant, sprightly footprint', suggesting some presence of tannins but not robust ones. Neither wine is described as having strong tannins, but Option B leans slightly towards the high pole due to its sprightly nature.",Smooth,Sprightly
3,Tannin Presence,1,Quinta dos Avidagos 2011 Avidagos Red (Douro),10,Kirkland Signature 2011 Mountain Cuvée Cabernet Sauvignon (Napa Valley),A,clear,"Option A describes firm tannins that are 'filled out' with fruit, indicating some presence but not overwhelming robustness. Option B, however, is described as 'soft, supple' with an 'oaky structure', suggesting very mild tannins.",Robust,Smooth
3,Tannin Presence,11,Leon Beyer 2012 Gewurztraminer (Alsace),9,Jean-Baptiste Adam 2012 Les Natures Pinot Gris (Alsace),A,clear,"Option A has a 'tight, taut texture' and 'strongly mineral character', indicating some presence of tannins. Option B, however, focuses on 'fresh apple and pear fruits' and 'balanced with acidity', without mentioning any tannins. The description of Option A suggests a higher presence of tannins compared to Option B.",Robust,Smooth
3,Tannin Presence,2,Rainstorm 2013 Pinot Gris (Willamette Valley),10,Kirkland Signature 2011 Mountain Cuvée Cabernet Sauvignon (Napa Valley),B,clear,"Option A describes a wine with tart and snappy flavors, indicating a wine with crisp acidity but no mention of strong tannins. In contrast, Option B explicitly mentions an 'oaky structure' and a 'strong finish', suggesting the presence of robust tannins.",Smooth,Robust
3,Tannin Presence,3,St. Julian 2013 Reserve Late Harvest Riesling (Lake Michigan Shore),9,Jean-Baptiste Adam 2012 Les Natures Pinot Gris (Alsace),A,clear,"Option A mentions a 'slightly astringent, semidry finish', which suggests some presence of tannins, but they are not described as strong or robust. In contrast, Option B does not mention any astringency or tannins at all, focusing instead on fruit flavors and balance.",Slightly robust with astringent finish,Smooth and balanced
3,Tannin Presence,4,Sweet Cheeks 2012 Vintner's Reserve Wild Child Block Pinot Noir (Willamette Valley),5,Tandem 2011 Ars In Vitro Tempranillo-Merlot (Navarra),A,clear,"Option A describes a wine with 'rather rough and tannic' characteristics, indicating a presence of strong tannins. Option B mentions a 'grabby' finish, suggesting a noticeable tannin presence, but it is less explicitly described as robust compared to Option A.",Robust,Moderately robust
3,Tannin Presence,6,Terre di Giurfo 2013 Belsito Frappato (Vittoria),11,Leon Beyer 2012 Gewurztraminer (Alsace),A,clear,"Option A describes a wine with 'soft tannins', while Option B does not mention tannins at all. The description of Option B focuses on spice, minerals, and citrus, indicating a wine without significant tannins.",Soft tannins,No mention of tannins
3,Tannin Presence,7,Trimbach 2012 Gewurztraminer (Alsace),8,Heinz Eifel 2013 Shine Gewürztraminer (Rheinhessen),A,clear,"Option A describes a 'firm texture' which suggests some tannin presence, but it is balanced and restrained. Option B, however, is described as 'brisk' and 'fresh', indicating a lighter touch with less robust tannins.",Robust,Smooth
3,Tannin Presence,0,Nicosia 2013 Vulkà Bianco  (Etna),10,Kirkland Signature 2011 Mountain Cuvée Cabernet Sauvignon (Napa Valley),B,clear,"Option A describes a white wine with aromas of tropical fruit and dried herbs, and a palate that is not overly expressive, indicating a smooth tannin presence. In contrast, Option B describes a Cabernet Sauvignon with an oaky structure, coffee, and chocolate notes, suggesting a robust tannin presence.",Smooth,Robust
3,Tannin Presence,1,Quinta dos Avidagos 2011 Avidagos Red (Douro),6,Terre di Giurfo 2013 Belsito Frappato (Vittoria),A,clear,"Option A mentions 'firm tannins' and 'structured', indicating a presence of tannins, but also notes it is 'smooth'. In contrast, Option B explicitly states 'soft tannins'. The description in Option A leans slightly towards robust tannins without being strongly assertive, while Option B is clearly towards the smooth end.",has firm tannins,has soft tannins
3,Tannin Presence,2,Rainstorm 2013 Pinot Gris (Willamette Valley),5,Tandem 2011 Ars In Vitro Tempranillo-Merlot (Navarra),B,clear,"Option A describes a wine with crisp acidity and tart flavors, indicating a smooth tannin presence. Option B mentions a fairly full-bodied wine with tomatoey acidity and spicy, herbal flavors, suggesting a stronger tannin presence.",Smooth,Robust
3,Tannin Presence,3,St. Julian 2013 Reserve Late Harvest Riesling (Lake Michigan Shore),4,Sweet Cheeks 2012 Vintner's Reserve Wild Child Block Pinot Noir (Willamette Valley),B,clear,"Option A describes a wine with a 'slightly astringent, semidry finish', indicating some presence of tannins but not strongly so. In contrast, Option B explicitly mentions the wine is 'rather rough and tannic'. This suggests a stronger tannin presence in Option B.",Moderate tannin presence,Robust tannin presence
3,Tannin Presence,7,Trimbach 2012 Gewurztraminer (Alsace),9,Jean-Baptiste Adam 2012 Les Natures Pinot Gris (Alsace),B,clear,"Option A mentions a 'firm texture' which suggests some tannins, but it is described as 'dry and restrained'. In contrast, Option B is described as 'crisp' and 'off dry', indicating less tannin presence.",Moderate tannin presence,Low tannin presence
3,Tannin Presence,0,Nicosia 2013 Vulkà Bianco  (Etna),7,Trimbach 2012 Gewurztraminer (Alsace),B,clear,"Option A describes a wine with aromas of tropical fruit, brimstone, and dried herbs, but the palate is not overly expressive, indicating soft tannins. Option B, however, mentions a 'firm texture' which suggests the presence of robust tannins.",Smooth,Robust
3,Tannin Presence,1,Quinta dos Avidagos 2011 Avidagos Red (Douro),8,Heinz Eifel 2013 Shine Gewürztraminer (Rheinhessen),A,clear,"Option A mentions 'firm tannins' and 'structured', indicating some presence of tannins, but also describes it as 'smooth'. In contrast, Option B focuses entirely on fruitiness and freshness without any mention of tannins.",Robust,Smooth
3,Tannin Presence,11,Leon Beyer 2012 Gewurztraminer (Alsace),3,St. Julian 2013 Reserve Late Harvest Riesling (Lake Michigan Shore),A,clear,"Option A describes a wine with a 'tight, taut texture' and 'strongly mineral character', indicating some presence of tannins, though not explicitly described as robust. Option B mentions a 'slightly astringent' finish, suggesting a mild presence of tannins. Neither description leans heavily towards the high pole, but Option A suggests a stronger tannin presence.","has a tight, taut texture and strongly mineral character",has a slightly astringent finish
3,Tannin Presence,2,Rainstorm 2013 Pinot Gris (Willamette Valley),1,Quinta dos Avidagos 2011 Avidagos Red (Douro),B,clear,"Option A describes a wine with crisp acidity and no mention of robust tannins, indicating it is closer to the low pole. Option B mentions firm tannins and a structured feel, suggesting it is closer to the high pole.",Smooth,Robust
3,Tannin Presence,4,Sweet Cheeks 2012 Vintner's Reserve Wild Child Block Pinot Noir (Willamette Valley),7,Trimbach 2012 Gewurztraminer (Alsace),A,clear,"Option A describes a wine with 'rather rough and tannic' characteristics, indicating a presence of strong tannins. In contrast, Option B mentions a 'firm texture' but does not specifically highlight robust tannins, suggesting a lower tannin presence.",Robust,Smooth
3,Tannin Presence,5,Tandem 2011 Ars In Vitro Tempranillo-Merlot (Navarra),6,Terre di Giurfo 2013 Belsito Frappato (Vittoria),A,clear,"Option A describes a wine with 'tomatoey acidity' and a 'grabby' finish, indicating the presence of noticeable tannins. Option B, however, explicitly mentions 'soft tannins'. The description of Option A leans towards robust tannins, while Option B clearly indicates softer tannins.",Robust,Smooth
3,Tannin Presence,0,Nicosia 2013 Vulkà Bianco  (Etna),4,Sweet Cheeks 2012 Vintner's Reserve Wild Child Block Pinot Noir (Willamette Valley),B,clear,"Option A describes a wine with aromas and flavors that suggest a smooth texture, lacking in robust tannins. In contrast, Option B explicitly mentions the wine being 'rather rough and tannic', indicating a presence of strong tannins.",Smooth,Robust
3,Tannin Presence,10,Kirkland Signature 2011 Mountain Cuvée Cabernet Sauvignon (Napa Valley),3,St. Julian 2013 Reserve Late Harvest Riesling (Lake Michigan Shore),A,clear,"Option A describes a wine with soft and supple tannins, placing it closer to the low pole. Option B, on the other hand, mentions a 'slightly astringent' finish, indicating the presence of tannins, but does not specify their strength, making it less clear where it falls on the scale.",Smooth,Slightly astringent
3,Tannin Presence,11,Leon Beyer 2012 Gewurztraminer (Alsace),8,Heinz Eifel 2013 Shine Gewürztraminer (Rheinhessen),A,clear,"Option A describes a 'tight, taut texture' and 'strongly mineral character', indicating the presence of noticeable tannins. In contrast, Option B focuses on 'fruitiness' and 'freshness', without mentioning any tannins. The description of Option A suggests a higher presence of tannins compared to Option B.",Robust,Smooth
3,Tannin Presence,2,Rainstorm 2013 Pinot Gris (Willamette Valley),9,Jean-Baptiste Adam 2012 Les Natures Pinot Gris (Alsace),B,clear,"Option A describes a wine with tart and snappy flavors, indicating a more acidic and possibly lighter tannin presence, while Option B has a description of fresh apple and pear fruits with a touch of spice, suggesting a fuller and potentially more robust profile.",Smooth,Robust
4,Acidity Balance,0,Nicosia 2013 Vulkà Bianco  (Etna),6,Terre di Giurfo 2013 Belsito Frappato (Vittoria),A,clear,"Option A describes a wine with 'brisk acidity', which indicates a higher level of acidity compared to Option B's 'fresh acidity'. However, both wines are described as having acidity, just at different levels.",Sharp,Soft
4,Acidity Balance,1,Quinta dos Avidagos 2011 Avidagos Red (Douro),9,Jean-Baptiste Adam 2012 Les Natures Pinot Gris (Alsace),A,clear,"Option A mentions 'juicy red berry fruits and freshened with acidity', indicating a noticeable acidity presence. Option B describes 'balanced with acidity and a crisp texture', suggesting a more subtle acidity. However, both wines have some level of acidity, but Option A is more explicitly described in terms of acidity.",Sharp: Bright and zesty acidity,Soft: Gentle and subtle acidity
4,Acidity Balance,10,Kirkland Signature 2011 Mountain Cuvée Cabernet Sauvignon (Napa Valley),0,Nicosia 2013 Vulkà Bianco  (Etna),B,clear,"Option A describes a wine with a soft and supple character, indicating low acidity. In contrast, Option B mentions 'brisk acidity', placing it closer to the high pole.",Soft,Brisk
4,Acidity Balance,11,Leon Beyer 2012 Gewurztraminer (Alsace),10,Kirkland Signature 2011 Mountain Cuvée Cabernet Sauvignon (Napa Valley),A,clear,"Option A has a tighter, taut texture with a strongly mineral character and a crisp aftertaste, indicating higher acidity. Option B is described as soft, supple, and oaky with a strong finish but lacks specific mentions of acidity.",Sharp,Soft
4,Acidity Balance,2,Rainstorm 2013 Pinot Gris (Willamette Valley),9,Jean-Baptiste Adam 2012 Les Natures Pinot Gris (Alsace),A,clear,"Option A describes a wine with 'tart and snappy' and 'crisp acidity', indicating a higher level of acidity. Option B mentions 'balanced with acidity and a crisp texture', suggesting a slightly lower level of acidity but still noticeable.",Sharp,Moderate
4,Acidity Balance,3,St. Julian 2013 Reserve Late Harvest Riesling (Lake Michigan Shore),10,Kirkland Signature 2011 Mountain Cuvée Cabernet Sauvignon (Napa Valley),A,clear,"Option A describes a late harvest Riesling, which typically has a higher acidity due to the late picking. Option B is a Cabernet Sauvignon, which generally has lower acidity compared to Riesling. The tasting note for Option A mentions 'slightly astringent' which indicates some sharpness, while Option B is described as 'soft' and 'supple'.",Sharp,Soft
4,Acidity Balance,4,Sweet Cheeks 2012 Vintner's Reserve Wild Child Block Pinot Noir (Willamette Valley),1,Quinta dos Avidagos 2011 Avidagos Red (Douro),B,clear,"Option A describes a wine with rustic, earthy, and herbal characteristics, indicating a softer acidity. In contrast, Option B mentions firm tannins and juicy red berry fruits with freshened acidity, suggesting a brighter and zesty acidity.",Soft,Sharp
4,Acidity Balance,5,Tandem 2011 Ars In Vitro Tempranillo-Merlot (Navarra),11,Leon Beyer 2012 Gewurztraminer (Alsace),B,clear,"Option A describes a wine with tomatoey acidity that is described as 'fairly full bodied' and 'fresh but grabby', indicating a noticeable acidity. Option B, however, is described as having a 'tight, taut texture' and an 'almost crisp aftertaste', which suggests a sharper acidity than Option A.",moderate sharpness,sharp
4,Acidity Balance,7,Trimbach 2012 Gewurztraminer (Alsace),11,Leon Beyer 2012 Gewurztraminer (Alsace),B,clear,"Option A describes a wine with balanced acidity, while Option B mentions an 'almost crisp aftertaste' indicating sharper acidity. However, both wines are described as dry and spicy, making the difference subtle.",Balanced acidity,"Sharp, almost crisp aftertaste"
4,Acidity Balance,8,Heinz Eifel 2013 Shine Gewürztraminer (Rheinhessen),1,Quinta dos Avidagos 2011 Avidagos Red (Douro),A,clear,"Option A describes a 'brisk, off-dry wine' with 'elegant, sprightly footprint', indicating a higher level of acidity. Option B mentions 'firm tannins' and 'juicy red berry fruits', suggesting a more balanced profile without emphasizing sharp acidity.",Sharp,Soft
4,Acidity Balance,2,Rainstorm 2013 Pinot Gris (Willamette Valley),11,Leon Beyer 2012 Gewurztraminer (Alsace),A,clear,"Option A describes a wine with 'crisp acidity underscoring the flavors', indicating a higher level of acidity. Option B, however, is described as having a 'tight, taut texture' and an 'almost crisp aftertaste', but the primary focus is on its spicy and mineral characteristics rather than acidity.",Sharp,Soft
4,Acidity Balance,3,St. Julian 2013 Reserve Late Harvest Riesling (Lake Michigan Shore),6,Terre di Giurfo 2013 Belsito Frappato (Vittoria),A,clear,"Option A describes a late harvest Riesling, which typically has a higher acidity due to the late picking. Option B describes a Frappato, which is generally a softer, lower-acid wine from Sicily. The description of pineapple rind, lemon pith, and a 'slightly astringent' finish in Option A indicates a higher acidity compared to the 'bright' and 'balanced' description of Option B.",Sharp,Soft
4,Acidity Balance,4,Sweet Cheeks 2012 Vintner's Reserve Wild Child Block Pinot Noir (Willamette Valley),7,Trimbach 2012 Gewurztraminer (Alsace),B,clear,"Option A describes a wine with rustic, earthy, and herbal characteristics, indicating a softer acidity. In contrast, Option B mentions a balanced wine with acidity, suggesting a sharper acidity.",Soft,Sharp
4,Acidity Balance,5,Tandem 2011 Ars In Vitro Tempranillo-Merlot (Navarra),9,Jean-Baptiste Adam 2012 Les Natures Pinot Gris (Alsace),A,clear,"Option A describes a 'tomatoey acidity' that is described as 'fairly full bodied' and 'fresh but grabby', indicating a noticeable acidity. Option B is described as 'balanced with acidity and a crisp texture', suggesting a more subtle acidity. Both wines have acidity, but Option A has a more pronounced acidity.",Sharp,Soft
4,Acidity Balance,8,Heinz Eifel 2013 Shine Gewürztraminer (Rheinhessen),5,Tandem 2011 Ars In Vitro Tempranillo-Merlot (Navarra),B,clear,"Option A describes a 'brisk, off-dry wine' with 'elegant, sprightly footprint', indicating a moderate level of acidity. Option B, however, explicitly mentions 'tomatoey acidity' and a 'grabby' finish, suggesting a higher level of acidity.",moderate acidity,bright and zesty acidity
4,Acidity Balance,0,Nicosia 2013 Vulkà Bianco  (Etna),4,Sweet Cheeks 2012 Vintner's Reserve Wild Child Block Pinot Noir (Willamette Valley),A,clear,"Option A describes a wine with 'brisk acidity', which indicates a higher level of acidity compared to the 'rather rough and tannic' description of Option B, which suggests less acidity.",Sharp,Soft
4,Acidity Balance,2,Rainstorm 2013 Pinot Gris (Willamette Valley),6,Terre di Giurfo 2013 Belsito Frappato (Vittoria),A,clear,"Option A describes a wine with 'tart and snappy' and 'crisp acidity', indicating a higher level of acidity. Option B mentions 'fresh acidity' but in a context of a red wine, which typically has different acidity characteristics compared to white wines like Pinot Gris. The description in Option A more closely aligns with the high pole of sharp acidity.",Sharp,Moderate
4,Acidity Balance,3,St. Julian 2013 Reserve Late Harvest Riesling (Lake Michigan Shore),7,Trimbach 2012 Gewurztraminer (Alsace),A,clear,"Option A describes a wine with a 'slightly astringent, semidry finish', indicating a higher level of acidity compared to the 'dry and restrained' description of Option B, which suggests less acidity.",Sharp,Soft
4,Acidity Balance,8,Heinz Eifel 2013 Shine Gewürztraminer (Rheinhessen),7,Trimbach 2012 Gewurztraminer (Alsace),A,clear,"Option A describes a 'brisk, off-dry wine' with 'elegant, sprightly footprint', indicating a higher level of acidity. Option B, being described as 'dry and restrained' with 'balanced acidity', suggests a lower level of acidity.",bright and zesty acidity,balanced acidity
4,Acidity Balance,0,Nicosia 2013 Vulkà Bianco  (Etna),5,Tandem 2011 Ars In Vitro Tempranillo-Merlot (Navarra),B,clear,"Option A describes a wine with 'brisk acidity', which suggests a moderate level of acidity. Option B, however, explicitly mentions 'tomatoey acidity' and a 'grabby' finish, indicating a higher level of acidity.",moderate acidity,sharp acidity
4,Acidity Balance,1,Quinta dos Avidagos 2011 Avidagos Red (Douro),2,Rainstorm 2013 Pinot Gris (Willamette Valley),B,clear,"Option A mentions 'juicy red berry fruits and freshened with acidity', indicating a moderate level of acidity. In contrast, Option B describes the wine as 'tart and snappy' with 'crisp acidity', suggesting a higher level of acidity.",moderate acidity,sharp acidity
4,Acidity Balance,10,Kirkland Signature 2011 Mountain Cuvée Cabernet Sauvignon (Napa Valley),4,Sweet Cheeks 2012 Vintner's Reserve Wild Child Block Pinot Noir (Willamette Valley),B,clear,"Option A describes a soft, supple wine with an oaky structure, indicating low acidity. Option B mentions a rough and tannic wine with rustic, earthy characteristics, suggesting higher acidity but still not reaching the high-pole description.",Soft,Rough and tannic
4,Acidity Balance,3,St. Julian 2013 Reserve Late Harvest Riesling (Lake Michigan Shore),8,Heinz Eifel 2013 Shine Gewürztraminer (Rheinhessen),A,clear,"Option A describes a 'slightly astringent, semidry finish', indicating a more pronounced acidity compared to Option B, which is described as 'brisk' and 'fresh'. However, the description in Option B still leans towards a more zesty and lively acidity.","Slightly astringent, semidry finish","Brisk, off-dry with an elegant, sprightly footprint"
4,Acidity Balance,6,Terre di Giurfo 2013 Belsito Frappato (Vittoria),9,Jean-Baptiste Adam 2012 Les Natures Pinot Gris (Alsace),A,clear,"Option A describes a wine with 'bright, informal red' and 'fresh acidity', indicating a higher level of acidity compared to Option B, which mentions 'balanced with acidity and a crisp texture'. However, both wines have acidity, just in different intensities.",Sharp,Soft
