row_id,wine_id,country,description,designation,points,price,province,region_1,region_2,taster_name,taster_twitter_handle,title,variety,winery,text
121958,wine_121958,US,"Made without oak fermentation or barrel aging, this wine is the essence of Santa Ynez fruit. It's savory and rich with lemons, limes, kiwis and oranges, as well as a touch of tart gooseberry.",Mesa Verde Vineyard,90,22.0,California,Santa Ynez Valley,Central Coast,,,Brander 2012 Mesa Verde Vineyard Sauvignon Blanc (Santa Ynez Valley),Sauvignon Blanc,Brander,"Wine for preference modeling. Title: Brander 2012 Mesa Verde Vineyard Sauvignon Blanc (Santa Ynez Valley). Variety: Sauvignon Blanc. Country: US. Province: California. Points: 90. Price: 22.0. Description: Made without oak fermentation or barrel aging, this wine is the essence of Santa Ynez fruit. It's savory and rich with lemons, limes, kiwis and oranges, as well as a touch of tart gooseberry."
39994,wine_39994,Italy,"A blend of Tintore and Per'e Palummo (a grape native to the Island of Ischia), there is a thorny, raw quality to this wine that is backed by Asian spice, incense, spice, tobacco and mature black fruit. The wine has a thin, almost metallic taste, with spicy fruit tones on the close.",Costa d'Amalfi Tramonti,84,18.0,Southern Italy,Campania,,,,Giuseppe Apicella 2006 Costa d'Amalfi Tramonti Red (Campania),Red Blend,Giuseppe Apicella,"Wine for preference modeling. Title: Giuseppe Apicella 2006 Costa d'Amalfi Tramonti Red (Campania). Variety: Red Blend. Country: Italy. Province: Southern Italy. Points: 84. Price: 18.0. Description: A blend of Tintore and Per'e Palummo (a grape native to the Island of Ischia), there is a thorny, raw quality to this wine that is backed by Asian spice, incense, spice, tobacco and mature black fruit. The wine has a thin, almost metallic taste, with spicy fruit tones on the close."
30987,wine_30987,US,"Great value for the price, with blackberry marmalade, moo shu plum sauce, tobacco, leather and pepper flavors that turn richly tannic and spicy in the finish. Shows lots of elegance and finesse.",Sixgill,87,10.0,California,California,California Other,,,Shark Trust 2005 Sixgill Syrah (California),Syrah,Shark Trust,"Wine for preference modeling. Title: Shark Trust 2005 Sixgill Syrah (California). Variety: Syrah. Country: US. Province: California. Points: 87. Price: 10.0. Description: Great value for the price, with blackberry marmalade, moo shu plum sauce, tobacco, leather and pepper flavors that turn richly tannic and spicy in the finish. Shows lots of elegance and finesse."
100999,wine_100999,Portugal,"Writer Hans Christian Andersen lived in Portugal for a short time and this is a homage from the Danish owner of Cortes de Cima. It's a powerful wine with a dark side that's very suitable for those fairy stories. Big tannins, black fruits and a dense structure all promise aging. Drink from 2018.",Homenagem a Hans Christian Andersen,92,45.0,Alentejano,,,Roger Voss,@vossroger,Cortes de Cima 2011 Homenagem a Hans Christian Andersen Red (Alentejano),Portuguese Red,Cortes de Cima,"Wine for preference modeling. Title: Cortes de Cima 2011 Homenagem a Hans Christian Andersen Red (Alentejano). Variety: Portuguese Red. Country: Portugal. Province: Alentejano. Points: 92. Price: 45.0. Description: Writer Hans Christian Andersen lived in Portugal for a short time and this is a homage from the Danish owner of Cortes de Cima. It's a powerful wine with a dark side that's very suitable for those fairy stories. Big tannins, black fruits and a dense structure all promise aging. Drink from 2018."
1121,wine_1121,France,"This wine came out of the disaster of shriveled Duras grapes after an especially hot period. Rather than discarding them, Domaine Rotier made a wine. Wood aged, it has many of the characters of a late harvest with its rich, sweet, lightly tannic flavors and sufficient acidity to balance. A surprising success.",Noces de Feu,90,,France Other,Vin de Liqueur,,Roger Voss,@vossroger,Domaine Rotier NV Noces de Feu Duras (Vin de Liqueur),Duras,Domaine Rotier,"Wine for preference modeling. Title: Domaine Rotier NV Noces de Feu Duras (Vin de Liqueur). Variety: Duras. Country: France. Province: France Other. Points: 90. Price: . Description: This wine came out of the disaster of shriveled Duras grapes after an especially hot period. Rather than discarding them, Domaine Rotier made a wine. Wood aged, it has many of the characters of a late harvest with its rich, sweet, lightly tannic flavors and sufficient acidity to balance. A surprising success."
62384,wine_62384,Austria,"A rounded style of wine, its texture full of warm fruits, pear, apricot and some lime juice to give a fresh edge. It is full of flavor, with apples and cream flavors, layered with crisp, tight acidity, but all within the context of a full, dense wine. Glass stopper.",Undhof Kögl,89,29.0,Kremstal,,,Roger Voss,@vossroger,Salomon-Undhof 2007 Undhof Kögl Riesling (Kremstal),Riesling,Salomon-Undhof,"Wine for preference modeling. Title: Salomon-Undhof 2007 Undhof Kögl Riesling (Kremstal). Variety: Riesling. Country: Austria. Province: Kremstal. Points: 89. Price: 29.0. Description: A rounded style of wine, its texture full of warm fruits, pear, apricot and some lime juice to give a fresh edge. It is full of flavor, with apples and cream flavors, layered with crisp, tight acidity, but all within the context of a full, dense wine. Glass stopper."
5071,wine_5071,US,"Plush and mouthfilling, this blend of Petit Sirah, Malbec, Cabernet Franc, Syrah and Tinta Cão comes with notes of wild berries, cedar, flowers and spiced cocoa. Dusty, tongue-coating tannins keep the palate grounded.",The Hundreth Monkey,87,50.0,Colorado,Grand Valley,,,,The Infinite Monkey Theorem 2012 The Hundreth Monkey Red (Grand Valley),Red Blend,The Infinite Monkey Theorem,"Wine for preference modeling. Title: The Infinite Monkey Theorem 2012 The Hundreth Monkey Red (Grand Valley). Variety: Red Blend. Country: US. Province: Colorado. Points: 87. Price: 50.0. Description: Plush and mouthfilling, this blend of Petit Sirah, Malbec, Cabernet Franc, Syrah and Tinta Cão comes with notes of wild berries, cedar, flowers and spiced cocoa. Dusty, tongue-coating tannins keep the palate grounded."
27537,wine_27537,Spain,"Abelis Carthago's top wine, Fighting Bulls, is also its toughest to enjoy. There's overripeness and barnyard on the nose, and thus the prune, black plum and jammy berry flavors that control the palate are not surprising. Big and forceful for sure, but also choppy and incongruent across the palate.",Fighting Bulls,88,60.0,Northern Spain,Toro,,Michael Schachner,@wineschach,Abelis Carthago 2004 Fighting Bulls  (Toro),Tinta de Toro,Abelis Carthago,"Wine for preference modeling. Title: Abelis Carthago 2004 Fighting Bulls (Toro). Variety: Tinta de Toro. Country: Spain. Province: Northern Spain. Points: 88. Price: 60.0. Description: Abelis Carthago's top wine, Fighting Bulls, is also its toughest to enjoy. There's overripeness and barnyard on the nose, and thus the prune, black plum and jammy berry flavors that control the palate are not surprising. Big and forceful for sure, but also choppy and incongruent across the palate."
106425,wine_106425,Australia,"Straightforward Australian Shiraz, combining mulberry fruit with vanilla oak. It lacks richness and expansiveness on the palate. A solid effort, but a bit of a disappointment given the history of the label and the suggested pricing.",Classic Clare,86,45.0,South Australia,Clare Valley,,Joe Czerwinski,@JoeCz,Leasingham 2005 Classic Clare Shiraz (Clare Valley),Shiraz,Leasingham,"Wine for preference modeling. Title: Leasingham 2005 Classic Clare Shiraz (Clare Valley). Variety: Shiraz. Country: Australia. Province: South Australia. Points: 86. Price: 45.0. Description: Straightforward Australian Shiraz, combining mulberry fruit with vanilla oak. It lacks richness and expansiveness on the palate. A solid effort, but a bit of a disappointment given the history of the label and the suggested pricing."
110969,wine_110969,Georgia,"Honey gold in color, this wine made from an indigenous Georgian grape has a bouquet of white cherries and lavender. Tart flavors of honeydew melon and white plum persist into the soft floral finish.",Dry Unfiltered,84,28.0,Georgia,,,Mike DeSimone,@worldwineguys,Gotsa Family Wines 2015 Dry Unfiltered Chinuri (Georgia),Chinuri,Gotsa Family Wines,"Wine for preference modeling. Title: Gotsa Family Wines 2015 Dry Unfiltered Chinuri (Georgia). Variety: Chinuri. Country: Georgia. Province: Georgia. Points: 84. Price: 28.0. Description: Honey gold in color, this wine made from an indigenous Georgian grape has a bouquet of white cherries and lavender. Tart flavors of honeydew melon and white plum persist into the soft floral finish."
73213,wine_73213,US,"Black plum and cherry aromas pick up an undergrowth hint. This is a succulent, juicy wine with a finish that tastes earthy and feels structured.",Furnace Mountain Dry,86,32.0,Virginia,Virginia,,,,8 Chains North 2010 Furnace Mountain Dry Red (Virginia),Red Blend,8 Chains North,"Wine for preference modeling. Title: 8 Chains North 2010 Furnace Mountain Dry Red (Virginia). Variety: Red Blend. Country: US. Province: Virginia. Points: 86. Price: 32.0. Description: Black plum and cherry aromas pick up an undergrowth hint. This is a succulent, juicy wine with a finish that tastes earthy and feels structured."
25285,wine_25285,Turkey,"This bright, brambly red blend of two Turkish grapes, the Öküzgözü and the Bogazkere, is brisk and bold on the palate with a striking red cherry acidity. It's delicate in fruit profile, but lushly textured with layers of fine, chalky tannins that penetrate deeply on the finish.",Buzbag Rezerv Öküzgözü Bogazkere,86,25.0,Elazığ-Diyarbakir,,,Anna Lee C. Iijima,,Kayra 2007 Buzbag Rezerv Öküzgözü Bogazkere Red (Elazığ-Diyarbakir),Red Blend,Kayra,"Wine for preference modeling. Title: Kayra 2007 Buzbag Rezerv Öküzgözü Bogazkere Red (Elazığ-Diyarbakir). Variety: Red Blend. Country: Turkey. Province: Elazığ-Diyarbakir. Points: 86. Price: 25.0. Description: This bright, brambly red blend of two Turkish grapes, the Öküzgözü and the Bogazkere, is brisk and bold on the palate with a striking red cherry acidity. It's delicate in fruit profile, but lushly textured with layers of fine, chalky tannins that penetrate deeply on the finish."
99400,wine_99400,US,"The first of the Girl Next Door wines is well done. It features a sexy, pin-up style label and good Chardonnay juice, barrel-fermented and generous. Peach and citrus fruits, with supporting acids and moderate oak flavors of buttery caramel.",The Girl Next Door ‘Roll in the Hay',88,14.0,Washington,Columbia Valley (WA),Columbia Valley,Paul Gregutt,@paulgwine,Alexandria Nicole 2006 The Girl Next Door ‘Roll in the Hay' Chardonnay (Columbia Valley (WA)),Chardonnay,Alexandria Nicole,"Wine for preference modeling. Title: Alexandria Nicole 2006 The Girl Next Door ‘Roll in the Hay' Chardonnay (Columbia Valley (WA)). Variety: Chardonnay. Country: US. Province: Washington. Points: 88. Price: 14.0. Description: The first of the Girl Next Door wines is well done. It features a sexy, pin-up style label and good Chardonnay juice, barrel-fermented and generous. Peach and citrus fruits, with supporting acids and moderate oak flavors of buttery caramel."
41914,wine_41914,England,"Aromatic overtones of meadow flowers with just a touch of cotton candy hover over the lemony freshness. The palate balances mellow richness with taut acidity and creates a friendly tension between those poles. There is abundant apple fruit, both tart and sweet and a clean, dry finish that accentuates autolysis.",Balfour 1503 Classic Cuvée,89,,England,,,Anne Krebiehl MW,@AnneInVino,Hush Heath Estate NV Balfour 1503 Classic Cuvée Sparkling (England),Sparkling Blend,Hush Heath Estate,"Wine for preference modeling. Title: Hush Heath Estate NV Balfour 1503 Classic Cuvée Sparkling (England). Variety: Sparkling Blend. Country: England. Province: England. Points: 89. Price: . Description: Aromatic overtones of meadow flowers with just a touch of cotton candy hover over the lemony freshness. The palate balances mellow richness with taut acidity and creates a friendly tension between those poles. There is abundant apple fruit, both tart and sweet and a clean, dry finish that accentuates autolysis."
58429,wine_58429,Italy,"Feldmarschall is a delicately fragrant white wine with soapy aromas of white flower, honeysuckle and passion fruit. There's a touch of natural rubber as well and the mouthfeel is dense and rich in glycerin.",Feldmarschall von Fenner,87,35.0,Northeastern Italy,Alto Adige,,,,Tiefenbrunner 2010 Feldmarschall von Fenner Müller-Thurgau (Alto Adige),Müller-Thurgau,Tiefenbrunner,"Wine for preference modeling. Title: Tiefenbrunner 2010 Feldmarschall von Fenner Müller-Thurgau (Alto Adige). Variety: Müller-Thurgau. Country: Italy. Province: Northeastern Italy. Points: 87. Price: 35.0. Description: Feldmarschall is a delicately fragrant white wine with soapy aromas of white flower, honeysuckle and passion fruit. There's a touch of natural rubber as well and the mouthfeel is dense and rich in glycerin."
56115,wine_56115,Spain,This Godello feels composed and solid. Dry white-fruit aromas are reticent and oily. Flavors of peach and golden apple finish with stability and a sense of class. Drink now.,,89,20.0,Northern Spain,Bierzo,,Michael Schachner,@wineschach,Pazo Pondal 2015 Godello (Bierzo),Godello,Pazo Pondal,Wine for preference modeling. Title: Pazo Pondal 2015 Godello (Bierzo). Variety: Godello. Country: Spain. Province: Northern Spain. Points: 89. Price: 20.0. Description: This Godello feels composed and solid. Dry white-fruit aromas are reticent and oily. Flavors of peach and golden apple finish with stability and a sense of class. Drink now.
88501,wine_88501,Israel,"Aromas of black cherry, saddle leather and coffee prepare the palate for flavors of raspberry, cherry, mocha, and mountainside herbs. There is a pleasing balance of grippy tannins and bright acidity, with an especially zesty flash of cherry on the finish.",Canaan,88,12.0,Galilee,,,Mike DeSimone,@worldwineguys,Dalton 2014 Canaan Red (Galilee),Red Blend,Dalton,"Wine for preference modeling. Title: Dalton 2014 Canaan Red (Galilee). Variety: Red Blend. Country: Israel. Province: Galilee. Points: 88. Price: 12.0. Description: Aromas of black cherry, saddle leather and coffee prepare the palate for flavors of raspberry, cherry, mocha, and mountainside herbs. There is a pleasing balance of grippy tannins and bright acidity, with an especially zesty flash of cherry on the finish."
123027,wine_123027,US,"This is an unusual blend of 72% Syrah with the rest equal parts Mourvèdre and Cabernet Sauvignon. It largely works, with aromas of black pepper, cocoa, coffee, herbs and brown spices. The cranberry and meat flavors offer a sense of balance and restraint along with a pleasing mouthfeel and flavors that linger.",Sophia,90,29.0,Washington,Columbia Valley (WA),Columbia Valley,Sean P. Sullivan,@wawinereport,Mosquito Fleet 2011 Sophia Red (Columbia Valley (WA)),Red Blend,Mosquito Fleet,"Wine for preference modeling. Title: Mosquito Fleet 2011 Sophia Red (Columbia Valley (WA)). Variety: Red Blend. Country: US. Province: Washington. Points: 90. Price: 29.0. Description: This is an unusual blend of 72% Syrah with the rest equal parts Mourvèdre and Cabernet Sauvignon. It largely works, with aromas of black pepper, cocoa, coffee, herbs and brown spices. The cranberry and meat flavors offer a sense of balance and restraint along with a pleasing mouthfeel and flavors that linger."
39220,wine_39220,Italy,"Forest floor, new leather, tobacco and crushed herb aromas emerge in the glass. It's youthfully austere and a bit lean, with sour cherry, pomegranate, sage and white pepper framed in vibrant acidity and assertive fine-grained tannins. Drink 2023–2035.",Bussia,89,,Piedmont,Barolo,,Kerin O’Keefe,@kerinokeefe,Arnaldo Rivera 2013 Bussia  (Barolo),Nebbiolo,Arnaldo Rivera,"Wine for preference modeling. Title: Arnaldo Rivera 2013 Bussia (Barolo). Variety: Nebbiolo. Country: Italy. Province: Piedmont. Points: 89. Price: . Description: Forest floor, new leather, tobacco and crushed herb aromas emerge in the glass. It's youthfully austere and a bit lean, with sour cherry, pomegranate, sage and white pepper framed in vibrant acidity and assertive fine-grained tannins. Drink 2023–2035."
111852,wine_111852,Chile,"Good body and a fair amount of richness here. The nose is on the heavier, rubbery side, and it dulls down rather than expands. On the palate, Huique is warm, sweet, figgy and a little syrupy, with soft fruit and a touch of bitterness on the finish.",,86,13.0,Colchagua Valley,,,Michael Schachner,@wineschach,El Huique 2007 Carmenère (Colchagua Valley),Carmenère,El Huique,"Wine for preference modeling. Title: El Huique 2007 Carmenère (Colchagua Valley). Variety: Carmenère. Country: Chile. Province: Colchagua Valley. Points: 86. Price: 13.0. Description: Good body and a fair amount of richness here. The nose is on the heavier, rubbery side, and it dulls down rather than expands. On the palate, Huique is warm, sweet, figgy and a little syrupy, with soft fruit and a touch of bitterness on the finish."
34869,wine_34869,South Africa,"Winemaker: Gordon Newton Johnson. Herbal streaks of foliage and earthy spice frame the core raspberry, cherry and game tones of this pretty Pinot. It's lightweight and easy drinking, with soft tannins and ripe red-fruit flavors that are accented by notes of Dr. Pepper and forest floor. Though it's approachable and drinkable now, it should also cellar well through 2020.",Cape Winemakers Guild Seadragon,90,,Hemel en Aarde,,,Lauren Buzzeo,@laurbuzz,Newton Johnson 2015 Cape Winemakers Guild Seadragon Pinot Noir (Hemel en Aarde),Pinot Noir,Newton Johnson,"Wine for preference modeling. Title: Newton Johnson 2015 Cape Winemakers Guild Seadragon Pinot Noir (Hemel en Aarde). Variety: Pinot Noir. Country: South Africa. Province: Hemel en Aarde. Points: 90. Price: . Description: Winemaker: Gordon Newton Johnson. Herbal streaks of foliage and earthy spice frame the core raspberry, cherry and game tones of this pretty Pinot. It's lightweight and easy drinking, with soft tannins and ripe red-fruit flavors that are accented by notes of Dr. Pepper and forest floor. Though it's approachable and drinkable now, it should also cellar well through 2020."
113264,wine_113264,Portugal,"A fruity red, with jammy plum flavors and a smooth texture. The wine shows some of the elegance for which Taylor Fladgate is famed, while also offering a rich aftertaste.",Fine Ruby,87,,Port,,,Roger Voss,@vossroger,Taylor Fladgate NV Fine Ruby  (Port),Port,Taylor Fladgate,"Wine for preference modeling. Title: Taylor Fladgate NV Fine Ruby (Port). Variety: Port. Country: Portugal. Province: Port. Points: 87. Price: . Description: A fruity red, with jammy plum flavors and a smooth texture. The wine shows some of the elegance for which Taylor Fladgate is famed, while also offering a rich aftertaste."
55613,wine_55613,Croatia,"From the island of Hvar, this wine has aromas of Chinese tea and cranberry juice. There's also a pleasant feral note in the complex bouquet. It has flavors of cranberry juice and black cherry tart with grippy tannins and a persistent finish.",Plovac Polški,88,27.0,Hvar,,,Jeff Jenssen,@worldwineguys,Carić 2008 Plovac Polški Plavac Mali (Hvar),Plavac Mali,Carić,"Wine for preference modeling. Title: Carić 2008 Plovac Polški Plavac Mali (Hvar). Variety: Plavac Mali. Country: Croatia. Province: Hvar. Points: 88. Price: 27.0. Description: From the island of Hvar, this wine has aromas of Chinese tea and cranberry juice. There's also a pleasant feral note in the complex bouquet. It has flavors of cranberry juice and black cherry tart with grippy tannins and a persistent finish."
42052,wine_42052,Greece,"This rare Greek variety expresses itself here with aromas of lime and quince, and fresh green flavors of citrus and cucumber. Refreshing but also creamy. A unique wine that will pair well with grilled fish or octopus.",The Gift of Dionysos,85,23.0,Greece,,,Susan Kostrzewa,@suskostrzewa,A. Parparoussis 2009 The Gift of Dionysos Sideritis (Greece),Sideritis,A. Parparoussis,"Wine for preference modeling. Title: A. Parparoussis 2009 The Gift of Dionysos Sideritis (Greece). Variety: Sideritis. Country: Greece. Province: Greece. Points: 85. Price: 23.0. Description: This rare Greek variety expresses itself here with aromas of lime and quince, and fresh green flavors of citrus and cucumber. Refreshing but also creamy. A unique wine that will pair well with grilled fish or octopus."
70042,wine_70042,Romania,"This slightly sweet Moscato has aromas of fresh cut pineapple, magnolia, peaches, honeysuckle and dried anise seed. The palate gets lychee and apricot.",Dreambird,86,7.0,Viile Timisului,,,Jeff Jenssen,@worldwineguys,Cramele Recas 2014 Dreambird Moscato (Viile Timisului),Moscato,Cramele Recas,"Wine for preference modeling. Title: Cramele Recas 2014 Dreambird Moscato (Viile Timisului). Variety: Moscato. Country: Romania. Province: Viile Timisului. Points: 86. Price: 7.0. Description: This slightly sweet Moscato has aromas of fresh cut pineapple, magnolia, peaches, honeysuckle and dried anise seed. The palate gets lychee and apricot."
83535,wine_83535,France,"This is a straightforward but easy-to-enjoy selection, boasting upfront aromas and flavors of peach, watermelon rind and white currant. Light weight and bright in mouthwatering acidity, a hint of fresh-cut grass graces the clean finish.",Lily Pad Pink,85,14.0,Languedoc-Roussillon,Pays d'Oc,,Lauren Buzzeo,@laurbuzz,Arrogant Frog 2015 Lily Pad Pink Rosé (Pays d'Oc),Rosé,Arrogant Frog,"Wine for preference modeling. Title: Arrogant Frog 2015 Lily Pad Pink Rosé (Pays d'Oc). Variety: Rosé. Country: France. Province: Languedoc-Roussillon. Points: 85. Price: 14.0. Description: This is a straightforward but easy-to-enjoy selection, boasting upfront aromas and flavors of peach, watermelon rind and white currant. Light weight and bright in mouthwatering acidity, a hint of fresh-cut grass graces the clean finish."
38112,wine_38112,Austria,Composer Joseph Haydn was the court composer for the Esterházy family which still owns this winery. This strongly wood-aged wine has its own elegance and style with fruit coming through strongly from under the darker exterior. Give this finely structured wine time and drink from 2017.,Haydn,90,,Burgenland,,,Roger Voss,@vossroger,Esterházy 2009 Haydn Merlot (Burgenland),Merlot,Esterházy,Wine for preference modeling. Title: Esterházy 2009 Haydn Merlot (Burgenland). Variety: Merlot. Country: Austria. Province: Burgenland. Points: 90. Price: . Description: Composer Joseph Haydn was the court composer for the Esterházy family which still owns this winery. This strongly wood-aged wine has its own elegance and style with fruit coming through strongly from under the darker exterior. Give this finely structured wine time and drink from 2017.
72603,wine_72603,Spain,"Add Aurora to your list of dry Sherries that won't steer you wrong. It is a concentrated, slightly more powerful style of manzanilla with pear, pepper and rosemary aromas as well as a true, refined palate. Flavors of fresh mushroom and nuts are dry and just fruity enough. Like a kiss from the sea.",Aurora Manzanilla Extra Dry,89,13.0,Andalucia,Jerez,,Michael Schachner,@wineschach,Pedro Romero NV Aurora Manzanilla Extra Dry Sherry (Jerez),Sherry,Pedro Romero,"Wine for preference modeling. Title: Pedro Romero NV Aurora Manzanilla Extra Dry Sherry (Jerez). Variety: Sherry. Country: Spain. Province: Andalucia. Points: 89. Price: 13.0. Description: Add Aurora to your list of dry Sherries that won't steer you wrong. It is a concentrated, slightly more powerful style of manzanilla with pear, pepper and rosemary aromas as well as a true, refined palate. Flavors of fresh mushroom and nuts are dry and just fruity enough. Like a kiss from the sea."
100376,wine_100376,France,A firm and tannic wine from the most northerly of the Beaujolais cru villages near Bourgogne. Blackberry fruit and juicy acidity are a balance to this initially severe wine. Its dry core and mineral texture show that this wine will need to age. Drink from 2018.,,92,29.0,Beaujolais,Saint-Amour,,Roger Voss,@vossroger,Trenel Fils 2015  Saint-Amour,Gamay,Trenel Fils,Wine for preference modeling. Title: Trenel Fils 2015 Saint-Amour. Variety: Gamay. Country: France. Province: Beaujolais. Points: 92. Price: 29.0. Description: A firm and tannic wine from the most northerly of the Beaujolais cru villages near Bourgogne. Blackberry fruit and juicy acidity are a balance to this initially severe wine. Its dry core and mineral texture show that this wine will need to age. Drink from 2018.
18349,wine_18349,US,"Made with undisclosed grape varieties, this rustic, softly sweet wine has apricot, honey and herb flavors.",Angel Food,82,14.0,California,California,California Other,,,Cupcake 2010 Angel Food White (California),White Blend,Cupcake,"Wine for preference modeling. Title: Cupcake 2010 Angel Food White (California). Variety: White Blend. Country: US. Province: California. Points: 82. Price: 14.0. Description: Made with undisclosed grape varieties, this rustic, softly sweet wine has apricot, honey and herb flavors."
75164,wine_75164,US,"Outspoken, delineated notes of candied lemon and peach meld with a bold aroma of lychee. The attack feels a touch slack, but the acids slowly gain steam across the palate, giving the wine a sense of delayed energy.",,84,38.0,Arizona,Cochise County,,,,Pillsbury 2011 Symphony (Cochise County),Symphony,Pillsbury,"Wine for preference modeling. Title: Pillsbury 2011 Symphony (Cochise County). Variety: Symphony. Country: US. Province: Arizona. Points: 84. Price: 38.0. Description: Outspoken, delineated notes of candied lemon and peach meld with a bold aroma of lychee. The attack feels a touch slack, but the acids slowly gain steam across the palate, giving the wine a sense of delayed energy."
108962,wine_108962,US,"There's a solid grip to this blend of 54% Aglianico, 21% Montepulciano, 14% Tempranillo and 11% Barbera. Bramble berries and earthy geraniums give this medium-bodied red some interest.",Stampede,85,20.0,Texas,Texas High Plains,,Alexander Peartree,,THP 2013 Stampede Red (Texas High Plains),Red Blend,THP,"Wine for preference modeling. Title: THP 2013 Stampede Red (Texas High Plains). Variety: Red Blend. Country: US. Province: Texas. Points: 85. Price: 20.0. Description: There's a solid grip to this blend of 54% Aglianico, 21% Montepulciano, 14% Tempranillo and 11% Barbera. Bramble berries and earthy geraniums give this medium-bodied red some interest."
128748,wine_128748,Uruguay,"Dusty black-fruit aromas set up a palate that's full in body, with soft tannins and punchy acidity. A crisp, toasty and lightly blackened flavor profile ends with some complexity and length. Drink this elegant and well-made Tannat through 2020.",Deicas,90,24.0,Uruguay,,,Michael Schachner,@wineschach,Familia Deicas 2015 Deicas Tannat (Uruguay),Tannat,Familia Deicas,"Wine for preference modeling. Title: Familia Deicas 2015 Deicas Tannat (Uruguay). Variety: Tannat. Country: Uruguay. Province: Uruguay. Points: 90. Price: 24.0. Description: Dusty black-fruit aromas set up a palate that's full in body, with soft tannins and punchy acidity. A crisp, toasty and lightly blackened flavor profile ends with some complexity and length. Drink this elegant and well-made Tannat through 2020."
47643,wine_47643,US,"Despite its time in bottle, this wine has years to go before it sleeps. It still needs further integration of its substantial body of tannin and tobacco within the layers of sanguine game, pencil lead and plum. In addition, it would benefit from being enjoyed with food, preferably medium-rare steak. Drink now through 2021.",Tradition,92,90.0,California,Napa Valley,Napa,Virginie Boone,@vboone,Tobacco Road 2006 Tradition Cabernet Sauvignon (Napa Valley),Cabernet Sauvignon,Tobacco Road,"Wine for preference modeling. Title: Tobacco Road 2006 Tradition Cabernet Sauvignon (Napa Valley). Variety: Cabernet Sauvignon. Country: US. Province: California. Points: 92. Price: 90.0. Description: Despite its time in bottle, this wine has years to go before it sleeps. It still needs further integration of its substantial body of tannin and tobacco within the layers of sanguine game, pencil lead and plum. In addition, it would benefit from being enjoyed with food, preferably medium-rare steak. Drink now through 2021."
19064,wine_19064,US,"Baby Bear is a collaboration between Eric Dunham and the actor Kyle MacLachlan, styled as a lighter version of their Pursued by Bear Syrah. This is a most enjoyable wine, with a big yum factor from the generous barrel scents and flavors. Toasty, smoky, a bit astringent, but beautifully streamlined, it displays a full array of black fruits, adorned with lots of dusty, toasty barrel highlights.",,91,48.0,Washington,Columbia Valley (WA),Columbia Valley,Paul Gregutt,@paulgwine,Baby Bear 2009 Syrah (Columbia Valley (WA)),Syrah,Baby Bear,"Wine for preference modeling. Title: Baby Bear 2009 Syrah (Columbia Valley (WA)). Variety: Syrah. Country: US. Province: Washington. Points: 91. Price: 48.0. Description: Baby Bear is a collaboration between Eric Dunham and the actor Kyle MacLachlan, styled as a lighter version of their Pursued by Bear Syrah. This is a most enjoyable wine, with a big yum factor from the generous barrel scents and flavors. Toasty, smoky, a bit astringent, but beautifully streamlined, it displays a full array of black fruits, adorned with lots of dusty, toasty barrel highlights."
80832,wine_80832,Italy,"Made with 100% Chardonnay, this creamy sparkler opens with aromas of hawthorn, peach and a whiff of bread crust. The palate reveals candied nectarine zest and golden apple alongside a soft perlage. It ends on a note of white almond.",Saten,89,35.0,Lombardy,Franciacorta,,Kerin O’Keefe,@kerinokeefe,Lantieri de Paratico NV Saten Chardonnay (Franciacorta),Chardonnay,Lantieri de Paratico,"Wine for preference modeling. Title: Lantieri de Paratico NV Saten Chardonnay (Franciacorta). Variety: Chardonnay. Country: Italy. Province: Lombardy. Points: 89. Price: 35.0. Description: Made with 100% Chardonnay, this creamy sparkler opens with aromas of hawthorn, peach and a whiff of bread crust. The palate reveals candied nectarine zest and golden apple alongside a soft perlage. It ends on a note of white almond."
95715,wine_95715,Canada,"With over 80 apples used to produce each bottle, there's no question as to what the dominating fruit character is here. Aromas of apple skins, clove and ginger on the nose transition to flavors of candied apple, white grape and honeyed apricot in the sticky, viscous mouth. Long and lingering on the finish; a dessert wine sure to please those with a sweet tooth.",Ice Apple Wine,89,33.0,Canada Other,Canada,,Lauren Buzzeo,@laurbuzz,Domaine Pinnacle NV Ice Apple Wine Apple (Canada),Apple,Domaine Pinnacle,"Wine for preference modeling. Title: Domaine Pinnacle NV Ice Apple Wine Apple (Canada). Variety: Apple. Country: Canada. Province: Canada Other. Points: 89. Price: 33.0. Description: With over 80 apples used to produce each bottle, there's no question as to what the dominating fruit character is here. Aromas of apple skins, clove and ginger on the nose transition to flavors of candied apple, white grape and honeyed apricot in the sticky, viscous mouth. Long and lingering on the finish; a dessert wine sure to please those with a sweet tooth."
11150,wine_11150,,"A blend of 85% Melnik, 10% Grenache Noir and 5% Petit Verdot, this wine has aromas of saddle leather, cassis and dark chocolate. In the mouth there are flavors of cherry, chocolate and dried blueberry. It has good balance with a soft tannic finish.",,89,20.0,,,,Jeff Jenssen,@worldwineguys,Orbelus 2013 Melnik,Melnik,Orbelus,"Wine for preference modeling. Title: Orbelus 2013 Melnik. Variety: Melnik. Country: . Province: . Points: 89. Price: 20.0. Description: A blend of 85% Melnik, 10% Grenache Noir and 5% Petit Verdot, this wine has aromas of saddle leather, cassis and dark chocolate. In the mouth there are flavors of cherry, chocolate and dried blueberry. It has good balance with a soft tannic finish."
64404,wine_64404,Spain,"Baked and rubbery up front, with asphalt, roasted peanut and black fruit aromas. In the mouth, it's solid and stately, with black plum and raspberry flavors, good balance and a taught, muscular structure. It tastes bright and mildly complex. Drink now through 2014.",Dido,89,30.0,Catalonia,Montsant,,Michael Schachner,@wineschach,La Universal 2008 Dido Red (Montsant),Red Blend,La Universal,"Wine for preference modeling. Title: La Universal 2008 Dido Red (Montsant). Variety: Red Blend. Country: Spain. Province: Catalonia. Points: 89. Price: 30.0. Description: Baked and rubbery up front, with asphalt, roasted peanut and black fruit aromas. In the mouth, it's solid and stately, with black plum and raspberry flavors, good balance and a taught, muscular structure. It tastes bright and mildly complex. Drink now through 2014."
101359,wine_101359,Portugal,"A ripe, well-integrated wine, this is both structured and full of fruit. It is rich with perfumed tannins and with black fruits. Drink from 2018.",Boa Vista,88,36.0,Douro,,,Roger Voss,@vossroger,Lima Smith 2013 Boa Vista Touriga Nacional (Douro),Touriga Nacional,Lima Smith,"Wine for preference modeling. Title: Lima Smith 2013 Boa Vista Touriga Nacional (Douro). Variety: Touriga Nacional. Country: Portugal. Province: Douro. Points: 88. Price: 36.0. Description: A ripe, well-integrated wine, this is both structured and full of fruit. It is rich with perfumed tannins and with black fruits. Drink from 2018."
55796,wine_55796,US,"There are two Ovum Memorista Rieslings; this one sports the label with the whale drawing. It's a block selection, and combines distinct flavors of apple candy and sour lemon. Not yet entirely knitted together, it's an interesting though puzzling wine, which shows some early signs of oxidation.",Memorista Whale,89,25.0,Oregon,Eola-Amity Hills,Willamette Valley,Paul Gregutt,@paulgwine,Ovum 2015 Memorista Whale Riesling (Eola-Amity Hills),Riesling,Ovum,"Wine for preference modeling. Title: Ovum 2015 Memorista Whale Riesling (Eola-Amity Hills). Variety: Riesling. Country: US. Province: Oregon. Points: 89. Price: 25.0. Description: There are two Ovum Memorista Rieslings; this one sports the label with the whale drawing. It's a block selection, and combines distinct flavors of apple candy and sour lemon. Not yet entirely knitted together, it's an interesting though puzzling wine, which shows some early signs of oxidation."
54106,wine_54106,US,"This exotic white blend from Iowa offers aromas of orange and citrus with a minerally zip, and on the palate, is a bit on the sweet and curvy side. Not terribly inspired but still pretty, it will pair well with Asian cuisine.",Black Road,83,13.0,Iowa,Iowa,,Susan Kostrzewa,@suskostrzewa,Jasper NV Black Road White (Iowa),White Blend,Jasper,"Wine for preference modeling. Title: Jasper NV Black Road White (Iowa). Variety: White Blend. Country: US. Province: Iowa. Points: 83. Price: 13.0. Description: This exotic white blend from Iowa offers aromas of orange and citrus with a minerally zip, and on the palate, is a bit on the sweet and curvy side. Not terribly inspired but still pretty, it will pair well with Asian cuisine."
42655,wine_42655,US,"An array of damp, dank herbs shows on the nose of this bottling from the Fairbairn Vineyard, with aromas of oregano, thyme, chaparral and moist earth. The palate is relatively light in body, showing flavors of oregano-crusted pork roast and a woody character.",The Conspirator's Reserve,87,49.0,California,Paso Robles,Central Coast,Matt Kettmann,@mattkettmann,Cloak & Dagger 2012 The Conspirator's Reserve Syrah (Paso Robles),Syrah,Cloak & Dagger,"Wine for preference modeling. Title: Cloak & Dagger 2012 The Conspirator's Reserve Syrah (Paso Robles). Variety: Syrah. Country: US. Province: California. Points: 87. Price: 49.0. Description: An array of damp, dank herbs shows on the nose of this bottling from the Fairbairn Vineyard, with aromas of oregano, thyme, chaparral and moist earth. The palate is relatively light in body, showing flavors of oregano-crusted pork roast and a woody character."
98298,wine_98298,US,"This unusual varietal wine has steely, mineral aromas and lively flavors like apricot and white peach, along with a relatively light body and lively acidity.",,88,18.0,California,North Coast,,Jim Gordon,@gordone_cellars,Rock Wall 2015 Fiano,Fiano,Rock Wall,"Wine for preference modeling. Title: Rock Wall 2015 Fiano. Variety: Fiano. Country: US. Province: California. Points: 88. Price: 18.0. Description: This unusual varietal wine has steely, mineral aromas and lively flavors like apricot and white peach, along with a relatively light body and lively acidity."
52078,wine_52078,US,"Charred oak, green herbs and vanilla spice notes mix oddly. The palate is soft and plush, with notes of sweet mocha and chocolate, but also a bit tired and chalky with faint tannins in the background.",In a Heart Beat,82,18.0,North Carolina,Yadkin Valley,,Anna Lee C. Iijima,,Divine Llama 2007 In a Heart Beat Red (Yadkin Valley),Red Blend,Divine Llama,"Wine for preference modeling. Title: Divine Llama 2007 In a Heart Beat Red (Yadkin Valley). Variety: Red Blend. Country: US. Province: North Carolina. Points: 82. Price: 18.0. Description: Charred oak, green herbs and vanilla spice notes mix oddly. The palate is soft and plush, with notes of sweet mocha and chocolate, but also a bit tired and chalky with faint tannins in the background."
45457,wine_45457,France,"This neighbor of Château Cos d'Estournel has produced a firm dry wine in 2014. Dark tannins and spice hint at the finely judged structure. The wine is foursquare and solid, likely to develop well over the medium term. Drink from 2022.",,93,,Bordeaux,Saint-Estèphe,,Roger Voss,@vossroger,Château Cos Labory 2014  Saint-Estèphe,Bordeaux-style Red Blend,Château Cos Labory,"Wine for preference modeling. Title: Château Cos Labory 2014 Saint-Estèphe. Variety: Bordeaux-style Red Blend. Country: France. Province: Bordeaux. Points: 93. Price: . Description: This neighbor of Château Cos d'Estournel has produced a firm dry wine in 2014. Dark tannins and spice hint at the finely judged structure. The wine is foursquare and solid, likely to develop well over the medium term. Drink from 2022."
105630,wine_105630,Lebanon,"Light straw to the eye, this blend of 40% Muscat, 30% Viognier, 15% Sémillon and 15% Sauvignon Blanc smells of grapefruit, lemon pith and grass after a rain shower. Grapefruit, bitter almond, honeysuckle and passion fruit flavors persist through the lingering almond notes of the zesty finish.",Altitudes,89,25.0,Lebanon,,,Mike DeSimone,@worldwineguys,Ixsir 2013 Altitudes White (Lebanon),White Blend,Ixsir,"Wine for preference modeling. Title: Ixsir 2013 Altitudes White (Lebanon). Variety: White Blend. Country: Lebanon. Province: Lebanon. Points: 89. Price: 25.0. Description: Light straw to the eye, this blend of 40% Muscat, 30% Viognier, 15% Sémillon and 15% Sauvignon Blanc smells of grapefruit, lemon pith and grass after a rain shower. Grapefruit, bitter almond, honeysuckle and passion fruit flavors persist through the lingering almond notes of the zesty finish."
118452,wine_118452,US,"Elegant aromas suggest tar, prune, cherry preserves and mint. It's soft on the mouth with unfolding tannins, featuring flavors of Italian herbs and cedar. It's a very austere and extremely dry wine, with very little overt fruit.",Test Pilot Sabre Jet F-86,89,39.0,California,Santa Cruz Mountains,Central Coast,Matt Kettmann,@mattkettmann,Cooper-Garrod 2007 Test Pilot Sabre Jet F-86 Red (Santa Cruz Mountains),Bordeaux-style Red Blend,Cooper-Garrod,"Wine for preference modeling. Title: Cooper-Garrod 2007 Test Pilot Sabre Jet F-86 Red (Santa Cruz Mountains). Variety: Bordeaux-style Red Blend. Country: US. Province: California. Points: 89. Price: 39.0. Description: Elegant aromas suggest tar, prune, cherry preserves and mint. It's soft on the mouth with unfolding tannins, featuring flavors of Italian herbs and cedar. It's a very austere and extremely dry wine, with very little overt fruit."
97446,wine_97446,Italy,"Sangue d'Oro is a hearty, extracted Passito dessert wine made with fragrant Zibibbo grapes. The wine is thick and dense and beautifully redolent of chestnut honey, candied fruit and almond paste.",Sangue d'Oro 500ml,91,58.0,Sicily & Sardinia,Passito di Pantelleria,,,,Sererraglio Carole Bouquet 2006 Sangue d'Oro 500ml  (Passito di Pantelleria),Zibibbo,Sererraglio Carole Bouquet,"Wine for preference modeling. Title: Sererraglio Carole Bouquet 2006 Sangue d'Oro 500ml (Passito di Pantelleria). Variety: Zibibbo. Country: Italy. Province: Sicily & Sardinia. Points: 91. Price: 58.0. Description: Sangue d'Oro is a hearty, extracted Passito dessert wine made with fragrant Zibibbo grapes. The wine is thick and dense and beautifully redolent of chestnut honey, candied fruit and almond paste."
121620,wine_121620,US,"The nose on this Norton is an admixture of underbrush and dark chocolate notes, coupled with blackberry, rose and vanilla accents. Medium to full in body, it has fine, dusty tannins and balanced acids. The finish comes with a hint of tobacco and a minerally tang.",Estates,85,31.0,Missouri,Missouri,,,,Mount Pleasant Winery 2009 Estates Norton (Missouri),Norton,Mount Pleasant Winery,"Wine for preference modeling. Title: Mount Pleasant Winery 2009 Estates Norton (Missouri). Variety: Norton. Country: US. Province: Missouri. Points: 85. Price: 31.0. Description: The nose on this Norton is an admixture of underbrush and dark chocolate notes, coupled with blackberry, rose and vanilla accents. Medium to full in body, it has fine, dusty tannins and balanced acids. The finish comes with a hint of tobacco and a minerally tang."
57268,wine_57268,Bulgaria,"A curious bouquet of lemongrass, pine needles and green florals, this Bulgarian Traminer boasts pretty floral scents and flavors accented with notes of apple and lemon. The dry, medium-bodied palate is a bit dusty, however, with an abrasive acidity on the finish.",,83,10.0,Bulgaria,,,Anna Lee C. Iijima,,Targovishte 2009 Traminer (Bulgaria),Traminer,Targovishte,"Wine for preference modeling. Title: Targovishte 2009 Traminer (Bulgaria). Variety: Traminer. Country: Bulgaria. Province: Bulgaria. Points: 83. Price: 10.0. Description: A curious bouquet of lemongrass, pine needles and green florals, this Bulgarian Traminer boasts pretty floral scents and flavors accented with notes of apple and lemon. The dry, medium-bodied palate is a bit dusty, however, with an abrasive acidity on the finish."
30973,wine_30973,US,"Yes, it's from Da Coach, of Bears legend, and the wine lives up to its gluteus moniker. There's nothing subtle about this blend of Zin, Syrah, Petite Sirah and Viognier. It's big in brambly berry and citrus flavors, tannic, high in alcohol, rich in tannins, and made for tailgate barbecue.",Kick Ass Red,87,50.0,California,Mendocino,,,,Mike Ditka 2005 Kick Ass Red Red (Mendocino),Red Blend,Mike Ditka,"Wine for preference modeling. Title: Mike Ditka 2005 Kick Ass Red Red (Mendocino). Variety: Red Blend. Country: US. Province: California. Points: 87. Price: 50.0. Description: Yes, it's from Da Coach, of Bears legend, and the wine lives up to its gluteus moniker. There's nothing subtle about this blend of Zin, Syrah, Petite Sirah and Viognier. It's big in brambly berry and citrus flavors, tannic, high in alcohol, rich in tannins, and made for tailgate barbecue."
105847,wine_105847,Italy,"Incrocio Manzoni 6.0.13 is a grape variety created by Italian professor Luigi Manzoni in the 1930s and represents a cross between Pinot Bianco and Riesling. This expression shows light, fragrant touches of white flower and stone fruit with medium density on the finish.",Manzoni Bianco,87,,Northeastern Italy,Colli Trevigiani,,,,Vettori 2009 Manzoni Bianco Manzoni (Colli Trevigiani),Manzoni,Vettori,"Wine for preference modeling. Title: Vettori 2009 Manzoni Bianco Manzoni (Colli Trevigiani). Variety: Manzoni. Country: Italy. Province: Northeastern Italy. Points: 87. Price: . Description: Incrocio Manzoni 6.0.13 is a grape variety created by Italian professor Luigi Manzoni in the 1930s and represents a cross between Pinot Bianco and Riesling. This expression shows light, fragrant touches of white flower and stone fruit with medium density on the finish."
67176,wine_67176,Germany,"Perfumed notes of tart morello cherry and cassis permeate throughout this lively rousing Spätburgunder. It's buoyant and primary in red fruit, yet tinged by complex intertwining layers of fine, bitter tannin, smoke and savory nuts. It's a powerful wine that calls for cellaring, but should drink beautifully from 2020 until 2025.",Kirchgasse Lahrer GG Trocken,92,62.0,Baden,,,Anna Lee C. Iijima,,Wöhrle 2013 Kirchgasse Lahrer GG Trocken Spätburgunder (Baden),Spätburgunder,Wöhrle,"Wine for preference modeling. Title: Wöhrle 2013 Kirchgasse Lahrer GG Trocken Spätburgunder (Baden). Variety: Spätburgunder. Country: Germany. Province: Baden. Points: 92. Price: 62.0. Description: Perfumed notes of tart morello cherry and cassis permeate throughout this lively rousing Spätburgunder. It's buoyant and primary in red fruit, yet tinged by complex intertwining layers of fine, bitter tannin, smoke and savory nuts. It's a powerful wine that calls for cellaring, but should drink beautifully from 2020 until 2025."
102959,wine_102959,Australia,"A solid value, the 2013 Pillar Box offers oodles of blackberry and plum fruit, framed by vanilla and accented by mocha. It's creamy-velvety in texture, with a rich long finish. Drink now through 2025.",Pillar Box,91,22.0,South Australia,Padthaway,,Joe Czerwinski,@JoeCz,Henry's Drive Vignerons 2013 Pillar Box Shiraz (Padthaway),Shiraz,Henry's Drive Vignerons,"Wine for preference modeling. Title: Henry's Drive Vignerons 2013 Pillar Box Shiraz (Padthaway). Variety: Shiraz. Country: Australia. Province: South Australia. Points: 91. Price: 22.0. Description: A solid value, the 2013 Pillar Box offers oodles of blackberry and plum fruit, framed by vanilla and accented by mocha. It's creamy-velvety in texture, with a rich long finish. Drink now through 2025."
44826,wine_44826,Australia,"You might not know it from the name, but this is a bit of a critter wine, as Bulldozer is a nickname for the hairy-nosed wombat. In any event, it's a step up from much of the competition, offering sturdy cassis flavors tinged with pepper and herbs and a clean, mouthwatering finish. Imported by MHW, Ltd.",Nelwood Station Bulldozer,86,12.0,South Australia,South Australia,,Joe Czerwinski,@JoeCz,Nelwood Wines 2004 Nelwood Station Bulldozer Red (South Australia),Red Blend,Nelwood Wines,"Wine for preference modeling. Title: Nelwood Wines 2004 Nelwood Station Bulldozer Red (South Australia). Variety: Red Blend. Country: Australia. Province: South Australia. Points: 86. Price: 12.0. Description: You might not know it from the name, but this is a bit of a critter wine, as Bulldozer is a nickname for the hairy-nosed wombat. In any event, it's a step up from much of the competition, offering sturdy cassis flavors tinged with pepper and herbs and a clean, mouthwatering finish. Imported by MHW, Ltd."
96415,wine_96415,US,"This nonvintage blend seems to be showing some age with its pale salmon color displaying some bricking. It brings notes of strawberry, cherry and herbs. It's a solid easy drinker that drinks best at room temperature.",Oink!,85,15.0,America,,,Sean P. Sullivan,@wawinereport,BBQ Wine Company 2013 Oink! White (America),White Blend,BBQ Wine Company,"Wine for preference modeling. Title: BBQ Wine Company 2013 Oink! White (America). Variety: White Blend. Country: US. Province: America. Points: 85. Price: 15.0. Description: This nonvintage blend seems to be showing some age with its pale salmon color displaying some bricking. It brings notes of strawberry, cherry and herbs. It's a solid easy drinker that drinks best at room temperature."
48295,wine_48295,US,"This opens with lots of spice, tart and light red fruits and some strongly herbal tannins. There is a big wash of sweet baking spice, source unknown, that offsets the stemmy and herbal quality of the fruit.",Blue Franc,85,13.0,Washington,Washington,Washington Other,Paul Gregutt,@paulgwine,Shooting Star 2007 Blue Franc Blaufränkisch (Washington),Blaufränkisch,Shooting Star,"Wine for preference modeling. Title: Shooting Star 2007 Blue Franc Blaufränkisch (Washington). Variety: Blaufränkisch. Country: US. Province: Washington. Points: 85. Price: 13.0. Description: This opens with lots of spice, tart and light red fruits and some strongly herbal tannins. There is a big wash of sweet baking spice, source unknown, that offsets the stemmy and herbal quality of the fruit."
109564,wine_109564,US,"A bit rustic in style, it's got black currant, raisin and tobacco flavors and lots of peppery spiciness, and the finish is thoroughly dry. But there's a brusqueness to the tannins that makes it feel rough and edgy in the mouth.",Hillside Estate,85,36.0,California,Dry Creek Valley,Sonoma,,,Collier Falls 2011 Hillside Estate Primitivo (Dry Creek Valley),Primitivo,Collier Falls,"Wine for preference modeling. Title: Collier Falls 2011 Hillside Estate Primitivo (Dry Creek Valley). Variety: Primitivo. Country: US. Province: California. Points: 85. Price: 36.0. Description: A bit rustic in style, it's got black currant, raisin and tobacco flavors and lots of peppery spiciness, and the finish is thoroughly dry. But there's a brusqueness to the tannins that makes it feel rough and edgy in the mouth."
91327,wine_91327,US,"This wine has a lovely bouquet of blackberry, violet, lavender and church incense. They all translate onto the austere palate, with velvet tannins. The finish is long, herbal and woody.",,88,31.0,Virginia,Virginia,,Carrie Dykes,,James Charles 2015 Petite Verdot (Virginia),Petite Verdot,James Charles,"Wine for preference modeling. Title: James Charles 2015 Petite Verdot (Virginia). Variety: Petite Verdot. Country: US. Province: Virginia. Points: 88. Price: 31.0. Description: This wine has a lovely bouquet of blackberry, violet, lavender and church incense. They all translate onto the austere palate, with velvet tannins. The finish is long, herbal and woody."
23135,wine_23135,France,"This wine is smooth, floral and lightly honeyed. With tangy acidity that balances its creamy texture, it's also full, rich and stylish. Produced from the Vermentino grape (Vermentinu in the local dialect), it's generous and ready to drink.",,89,22.0,France Other,Patrimonio,,Roger Voss,@vossroger,Clos Alivu 2016 Vermentino (Patrimonio),Vermentino,Clos Alivu,"Wine for preference modeling. Title: Clos Alivu 2016 Vermentino (Patrimonio). Variety: Vermentino. Country: France. Province: France Other. Points: 89. Price: 22.0. Description: This wine is smooth, floral and lightly honeyed. With tangy acidity that balances its creamy texture, it's also full, rich and stylish. Produced from the Vermentino grape (Vermentinu in the local dialect), it's generous and ready to drink."
87298,wine_87298,US,"Archery Summit's top cuvée is young and brash, a jangle of brambly berries, threads of incense and chocolate, assertive acids and not quite integrated tannins. It will require some patience, either in the cellar, or in the decanter (hours!) but has an underlying plush texture and an exotic mix of spices that elevate the pretty fruit to the next level.",Archery Summit Estate,93,150.0,Oregon,Dundee Hills,Willamette Valley,Paul Gregutt,@paulgwine,Archery Summit 2008 Archery Summit Estate Pinot Noir (Dundee Hills),Pinot Noir,Archery Summit,"Wine for preference modeling. Title: Archery Summit 2008 Archery Summit Estate Pinot Noir (Dundee Hills). Variety: Pinot Noir. Country: US. Province: Oregon. Points: 93. Price: 150.0. Description: Archery Summit's top cuvée is young and brash, a jangle of brambly berries, threads of incense and chocolate, assertive acids and not quite integrated tannins. It will require some patience, either in the cellar, or in the decanter (hours!) but has an underlying plush texture and an exotic mix of spices that elevate the pretty fruit to the next level."
3437,wine_3437,US,"Hibiscus and strawberry scents make an appealing invitation on the nose of this bottling, and then light cola and pepper spice up the ante. This would be a great red for warmer weather, served with a slight chill that would still allow the flavors of sandalwood, red cherry and marjoram to emerge.",,88,22.0,California,Central Coast,Central Coast,Matt Kettmann,@mattkettmann,MooBuzz 2015 G-S-M (Central Coast),G-S-M,MooBuzz,"Wine for preference modeling. Title: MooBuzz 2015 G-S-M (Central Coast). Variety: G-S-M. Country: US. Province: California. Points: 88. Price: 22.0. Description: Hibiscus and strawberry scents make an appealing invitation on the nose of this bottling, and then light cola and pepper spice up the ante. This would be a great red for warmer weather, served with a slight chill that would still allow the flavors of sandalwood, red cherry and marjoram to emerge."
30951,wine_30951,Argentina,"Opens with tire rubber, char and minty, smoky black fruit. Feels mostly fresh and bold, with blackberry, blueberry and coffee flavors. Just dense, sweet and spicy enough, with espresso bitterness to the finish. Composed and competent value red wine.",Trumpeter,87,11.0,Mendoza Province,Mendoza,,Michael Schachner,@wineschach,Rutini 2010 Trumpeter Malbec-Syrah (Mendoza),Malbec-Syrah,Rutini,"Wine for preference modeling. Title: Rutini 2010 Trumpeter Malbec-Syrah (Mendoza). Variety: Malbec-Syrah. Country: Argentina. Province: Mendoza Province. Points: 87. Price: 11.0. Description: Opens with tire rubber, char and minty, smoky black fruit. Feels mostly fresh and bold, with blackberry, blueberry and coffee flavors. Just dense, sweet and spicy enough, with espresso bitterness to the finish. Composed and competent value red wine."
15254,wine_15254,France,"With seven years on lees before disgorgement, this wine already shows some maturity. It is rich while also having the intense acidity of the vintage. Turning to gold in color, it is balanced and dry as with all the Paillard wines, although with age that character becomes less obvious. Drink now for the fruit or until 2024.",Assemblage Extra Brut,93,88.0,Champagne,Champagne,,Roger Voss,@vossroger,Bruno Paillard 2008 Assemblage Extra Brut  (Champagne),Champagne Blend,Bruno Paillard,"Wine for preference modeling. Title: Bruno Paillard 2008 Assemblage Extra Brut (Champagne). Variety: Champagne Blend. Country: France. Province: Champagne. Points: 93. Price: 88.0. Description: With seven years on lees before disgorgement, this wine already shows some maturity. It is rich while also having the intense acidity of the vintage. Turning to gold in color, it is balanced and dry as with all the Paillard wines, although with age that character becomes less obvious. Drink now for the fruit or until 2024."
22750,wine_22750,Italy,"Paola Gloder's estate can do better than this, especially in a vintage like 1997. The wine is already showing signs of aging and it has a lightweight character. The fruit is pleasant enough, with soft tannins and ripeness, but it should be more exciting. Tasted twice.",,84,60.0,Tuscany,Brunello di Montalcino,,Roger Voss,@vossroger,Poggio Antico 1997  Brunello di Montalcino,Sangiovese,Poggio Antico,"Wine for preference modeling. Title: Poggio Antico 1997 Brunello di Montalcino. Variety: Sangiovese. Country: Italy. Province: Tuscany. Points: 84. Price: 60.0. Description: Paola Gloder's estate can do better than this, especially in a vintage like 1997. The wine is already showing signs of aging and it has a lightweight character. The fruit is pleasant enough, with soft tannins and ripeness, but it should be more exciting. Tasted twice."
79706,wine_79706,US,"High-toned aromas of black cherry syrup and orange peel carry the nose. The thick, syrupy palate lacks much acidity and is reminiscent of flat Dr. Pepper, yet a roasted coffee tone is welcomed on the finish.",Light Madeira,82,40.0,Texas,Texas,,Alexander Peartree,,Haak 2009 Light Madeira Jacquez (Texas),Jacquez,Haak,"Wine for preference modeling. Title: Haak 2009 Light Madeira Jacquez (Texas). Variety: Jacquez. Country: US. Province: Texas. Points: 82. Price: 40.0. Description: High-toned aromas of black cherry syrup and orange peel carry the nose. The thick, syrupy palate lacks much acidity and is reminiscent of flat Dr. Pepper, yet a roasted coffee tone is welcomed on the finish."
112286,wine_112286,US,"There's a candied tone on this honeyed white blend (predominantly Grüner Veltliner)that extends from nose to palate. It's sunny pineapple and peach flavors are indeed tasty, but can seem a bit confected in style.",Tribute,85,26.0,New York,North Fork of Long Island,Long Island,Anna Lee C. Iijima,,One Woman 2011 Tribute White (North Fork of Long Island),White Blend,One Woman,"Wine for preference modeling. Title: One Woman 2011 Tribute White (North Fork of Long Island). Variety: White Blend. Country: US. Province: New York. Points: 85. Price: 26.0. Description: There's a candied tone on this honeyed white blend (predominantly Grüner Veltliner)that extends from nose to palate. It's sunny pineapple and peach flavors are indeed tasty, but can seem a bit confected in style."
92806,wine_92806,US,"Golden honey in color, the Ramspeck Sassolini is lush with lemon flavor and high acidity that lingers on the palate, crisp and tart. Sourced from Lake County fruit, a fine place for crisp whites, this wine is balanced in alcohol and richness too.",Sassolini,87,14.0,California,Lake County,,Virginie Boone,@vboone,Ramspeck 2010 Sassolini Pinot Grigio (Lake County),Pinot Grigio,Ramspeck,"Wine for preference modeling. Title: Ramspeck 2010 Sassolini Pinot Grigio (Lake County). Variety: Pinot Grigio. Country: US. Province: California. Points: 87. Price: 14.0. Description: Golden honey in color, the Ramspeck Sassolini is lush with lemon flavor and high acidity that lingers on the palate, crisp and tart. Sourced from Lake County fruit, a fine place for crisp whites, this wine is balanced in alcohol and richness too."
38496,wine_38496,Slovenia,"Aromas of honeysuckle, yellow canned peach and wet slate lead to flavors of grapefruit peel, citrus blossom and lemon zest in the mouth. The finish is crisp and zippy.",Rebula,89,22.0,Goriska Brda,,,Jeff Jenssen,@worldwineguys,Ferdinand 2014 Rebula Ribolla Gialla (Goriska Brda),Ribolla Gialla,Ferdinand,"Wine for preference modeling. Title: Ferdinand 2014 Rebula Ribolla Gialla (Goriska Brda). Variety: Ribolla Gialla. Country: Slovenia. Province: Goriska Brda. Points: 89. Price: 22.0. Description: Aromas of honeysuckle, yellow canned peach and wet slate lead to flavors of grapefruit peel, citrus blossom and lemon zest in the mouth. The finish is crisp and zippy."
22560,wine_22560,US,"Ripe aromas of burnt sugar, mango and pineapple introduce this bold, expansive Gewürztraminer. Drier on the palate than Keuka Spring's regular label Gewürztraminer, it boasts fresh lychee, rose petal and grapefruit flavors tied together with a bristling thread of astringency.",Dynamite Vineyard,89,22.0,New York,Finger Lakes,Finger Lakes,Anna Lee C. Iijima,,Keuka Spring 2015 Dynamite Vineyard Gewürztraminer (Finger Lakes),Gewürztraminer,Keuka Spring,"Wine for preference modeling. Title: Keuka Spring 2015 Dynamite Vineyard Gewürztraminer (Finger Lakes). Variety: Gewürztraminer. Country: US. Province: New York. Points: 89. Price: 22.0. Description: Ripe aromas of burnt sugar, mango and pineapple introduce this bold, expansive Gewürztraminer. Drier on the palate than Keuka Spring's regular label Gewürztraminer, it boasts fresh lychee, rose petal and grapefruit flavors tied together with a bristling thread of astringency."
10590,wine_10590,US,"Blackberry and cherry notes are fresh and primary in this Merlot-based Bordeaux blend, but shaded with interesting notes of coffee and smoke. The palate is juicy and supple with soft, furry tannins that accentuate a velvety mouthfeel. It's a boldly structured wine, but elegantly framed and long on the finish.",Horse Rescue Mirage,87,25.0,New York,North Fork of Long Island,Long Island,Anna Lee C. Iijima,,Baiting Hollow Farm Vineyard 2010 Horse Rescue Mirage Red (North Fork of Long Island),Bordeaux-style Red Blend,Baiting Hollow Farm Vineyard,"Wine for preference modeling. Title: Baiting Hollow Farm Vineyard 2010 Horse Rescue Mirage Red (North Fork of Long Island). Variety: Bordeaux-style Red Blend. Country: US. Province: New York. Points: 87. Price: 25.0. Description: Blackberry and cherry notes are fresh and primary in this Merlot-based Bordeaux blend, but shaded with interesting notes of coffee and smoke. The palate is juicy and supple with soft, furry tannins that accentuate a velvety mouthfeel. It's a boldly structured wine, but elegantly framed and long on the finish."
84294,wine_84294,US,"A blend of 83% Merlot and 17% Cabernet Sauvignon, this robust red is juicy and smoky, offering tastes of blackberry, cassis and mocha. Dusty tannins give a heaviness, accented by black licorice on the finish.",Mat Kearney,88,22.0,California,Napa Valley,Napa,Virginie Boone,@vboone,Verse & Chorus 2013 Mat Kearney Red (Napa Valley),Red Blend,Verse & Chorus,"Wine for preference modeling. Title: Verse & Chorus 2013 Mat Kearney Red (Napa Valley). Variety: Red Blend. Country: US. Province: California. Points: 88. Price: 22.0. Description: A blend of 83% Merlot and 17% Cabernet Sauvignon, this robust red is juicy and smoky, offering tastes of blackberry, cassis and mocha. Dusty tannins give a heaviness, accented by black licorice on the finish."
19530,wine_19530,Ukraine,"On the nose, this nonvintage sparkler from the Ukraine has primary notes of yeast and freshly baked bread There are soft flavors of green apple and peach in the mouth with gentle persistent bubbles.",Brut,83,10.0,Ukraine,,,Jeff Jenssen,@worldwineguys,Marengo NV Brut Sparkling (Ukraine),Sparkling Blend,Marengo,"Wine for preference modeling. Title: Marengo NV Brut Sparkling (Ukraine). Variety: Sparkling Blend. Country: Ukraine. Province: Ukraine. Points: 83. Price: 10.0. Description: On the nose, this nonvintage sparkler from the Ukraine has primary notes of yeast and freshly baked bread There are soft flavors of green apple and peach in the mouth with gentle persistent bubbles."
45706,wine_45706,Italy,"Named after Etna's most infamous eruption that lasted for 10 years, this elegant wine offers aromas of rose, violet and red berry. The silky, subtle palate delivers wild cherry, raspberry and white pepper flavors alongside supple tannins. Drink through 2018.",Eruzione 1614,92,34.0,Sicily & Sardinia,Sicilia,,Kerin O’Keefe,@kerinokeefe,Planeta 2012 Eruzione 1614 Nerello Mascalese (Sicilia),Nerello Mascalese,Planeta,"Wine for preference modeling. Title: Planeta 2012 Eruzione 1614 Nerello Mascalese (Sicilia). Variety: Nerello Mascalese. Country: Italy. Province: Sicily & Sardinia. Points: 92. Price: 34.0. Description: Named after Etna's most infamous eruption that lasted for 10 years, this elegant wine offers aromas of rose, violet and red berry. The silky, subtle palate delivers wild cherry, raspberry and white pepper flavors alongside supple tannins. Drink through 2018."
28345,wine_28345,US,"Made in a big, bold, full-bodied style, this blend is showy in juicy blackberry, cedar and currant, flavors that are surrounded by firm, integrated tannin. A taste of cigar and chocolate gives the end note a nightcap kind of feel.",The Equalizer,89,20.0,California,Sonoma County,Sonoma,Virginie Boone,@vboone,Ammunition 2014 The Equalizer Red (Sonoma County),Red Blend,Ammunition,"Wine for preference modeling. Title: Ammunition 2014 The Equalizer Red (Sonoma County). Variety: Red Blend. Country: US. Province: California. Points: 89. Price: 20.0. Description: Made in a big, bold, full-bodied style, this blend is showy in juicy blackberry, cedar and currant, flavors that are surrounded by firm, integrated tannin. A taste of cigar and chocolate gives the end note a nightcap kind of feel."
76761,wine_76761,US,"This is a co-ferment (with native yeast) of 45% Viognier, 30% Marsanne and 25% Roussanne. Exceptional details and mouth-pleasing textures lend extra pleasure throughout this Rhône white blend. Green melon, cucumber and tart tropical fruits carry the succulent and refreshing palate on through a deep dive into an immaculate finish.",Spiral 36,92,28.0,Oregon,Applegate Valley,Southern Oregon,Paul Gregutt,@paulgwine,Cowhorn 2016 Spiral 36 White (Applegate Valley),Rhône-style White Blend,Cowhorn,"Wine for preference modeling. Title: Cowhorn 2016 Spiral 36 White (Applegate Valley). Variety: Rhône-style White Blend. Country: US. Province: Oregon. Points: 92. Price: 28.0. Description: This is a co-ferment (with native yeast) of 45% Viognier, 30% Marsanne and 25% Roussanne. Exceptional details and mouth-pleasing textures lend extra pleasure throughout this Rhône white blend. Green melon, cucumber and tart tropical fruits carry the succulent and refreshing palate on through a deep dive into an immaculate finish."
32944,wine_32944,Australia,"Delivers rather standard Chardonnay aromas and flavors, ranging from hints of toast to ripe peaches and pineapple. It's nicely balanced, showing some lush texture on the midpalate yet retaining citrusy freshness on the finish. Well done, and well priced. Drink now.",Chook Raffle,87,14.0,South Australia,Adelaide Hills,,Joe Czerwinski,@JoeCz,Shoofly 2007 Chook Raffle Chardonnay (Adelaide Hills),Chardonnay,Shoofly,"Wine for preference modeling. Title: Shoofly 2007 Chook Raffle Chardonnay (Adelaide Hills). Variety: Chardonnay. Country: Australia. Province: South Australia. Points: 87. Price: 14.0. Description: Delivers rather standard Chardonnay aromas and flavors, ranging from hints of toast to ripe peaches and pineapple. It's nicely balanced, showing some lush texture on the midpalate yet retaining citrusy freshness on the finish. Well done, and well priced. Drink now."
107437,wine_107437,Czech Republic,"On the nose, spice outweighs fruit, with notes of clove and cinnamon backed by a touch of cherry. On the palate, the tables are turned, with black plum and cherry flavors playing host to a soft touch of baking spice that is most evident on the soft finish.",Znovín Znojmo,88,15.0,Moravia,,,Jeff Jenssen,@worldwineguys,Vino z Czech 2013 Znovín Znojmo St. Laurent (Moravia),St. Laurent,Vino z Czech,"Wine for preference modeling. Title: Vino z Czech 2013 Znovín Znojmo St. Laurent (Moravia). Variety: St. Laurent. Country: Czech Republic. Province: Moravia. Points: 88. Price: 15.0. Description: On the nose, spice outweighs fruit, with notes of clove and cinnamon backed by a touch of cherry. On the palate, the tables are turned, with black plum and cherry flavors playing host to a soft touch of baking spice that is most evident on the soft finish."
62508,wine_62508,US,"Hartford's blended Zin is filled with exuberant aromas of jammy “Zinberry” fruit, baking spices like cinnamon and clove, bittersweet chocolate and black pepper. The vibrant mixed-berry flavors are rich and satisfying, finishing with a touch of warmth and softness.",,91,34.0,California,Russian River Valley,Sonoma,,,Hartford 1999 Zinfandel (Russian River Valley),Zinfandel,Hartford,"Wine for preference modeling. Title: Hartford 1999 Zinfandel (Russian River Valley). Variety: Zinfandel. Country: US. Province: California. Points: 91. Price: 34.0. Description: Hartford's blended Zin is filled with exuberant aromas of jammy “Zinberry” fruit, baking spices like cinnamon and clove, bittersweet chocolate and black pepper. The vibrant mixed-berry flavors are rich and satisfying, finishing with a touch of warmth and softness."
122645,wine_122645,US,"A proprietary, nonvintage blend sourced from Lodi that's 70% Cabernet Sauvignon, 20% Old Vine Zinfandel and 10% Syrah, a wine with bright black and red fruit, good concentration and thick, oaky tannins.",Diamante Super Donne,85,13.0,California,California,California Other,Virginie Boone,@vboone,Sharabella Wines NV Diamante Super Donne Red (California),Red Blend,Sharabella Wines,"Wine for preference modeling. Title: Sharabella Wines NV Diamante Super Donne Red (California). Variety: Red Blend. Country: US. Province: California. Points: 85. Price: 13.0. Description: A proprietary, nonvintage blend sourced from Lodi that's 70% Cabernet Sauvignon, 20% Old Vine Zinfandel and 10% Syrah, a wine with bright black and red fruit, good concentration and thick, oaky tannins."
65799,wine_65799,Austria,"A rounded, creamy, spicy wine that brings out the Rotgipfler's full-bodied character. The wine has an edgy acidity that cuts its richness. Impressive wine, with a feeling of concentration.",Tagelsteiner,90,,Thermenregion,,,Roger Voss,@vossroger,Stadlmann 2009 Tagelsteiner Rotgipfler (Thermenregion),Rotgipfler,Stadlmann,"Wine for preference modeling. Title: Stadlmann 2009 Tagelsteiner Rotgipfler (Thermenregion). Variety: Rotgipfler. Country: Austria. Province: Thermenregion. Points: 90. Price: . Description: A rounded, creamy, spicy wine that brings out the Rotgipfler's full-bodied character. The wine has an edgy acidity that cuts its richness. Impressive wine, with a feeling of concentration."
16969,wine_16969,US,"Young, sharp, and spicy, with underlying layers of peach, apricot, Meyer lemon, butter and caramel. This clearly needs a lot more cellar time to reach its full potential, but it is already a lovely wine to sip at meal's end.",Fancy Pants Late Harvest,90,30.0,Washington,Red Mountain,Columbia Valley,Paul Gregutt,@paulgwine,Mark Ryan 2008 Fancy Pants Late Harvest Sémillon (Red Mountain),Sémillon,Mark Ryan,"Wine for preference modeling. Title: Mark Ryan 2008 Fancy Pants Late Harvest Sémillon (Red Mountain). Variety: Sémillon. Country: US. Province: Washington. Points: 90. Price: 30.0. Description: Young, sharp, and spicy, with underlying layers of peach, apricot, Meyer lemon, butter and caramel. This clearly needs a lot more cellar time to reach its full potential, but it is already a lovely wine to sip at meal's end."
114833,wine_114833,US,"Tight and unyielding, with a dominating Band-Aid streak that does not disappear even after many hours of breathing time. There is some Walla Walla Syrah berry and loam character evident, and the vineyards are first rate (Seven Hills and Pepper Bridge), but the reductive, plastic flavor masks much of the fruit.",,87,32.0,Oregon,Walla Walla Valley (OR),Oregon Other,Paul Gregutt,@paulgwine,Nuthatch Cellars 2007 Syrah (Walla Walla Valley (OR)),Syrah,Nuthatch Cellars,"Wine for preference modeling. Title: Nuthatch Cellars 2007 Syrah (Walla Walla Valley (OR)). Variety: Syrah. Country: US. Province: Oregon. Points: 87. Price: 32.0. Description: Tight and unyielding, with a dominating Band-Aid streak that does not disappear even after many hours of breathing time. There is some Walla Walla Syrah berry and loam character evident, and the vineyards are first rate (Seven Hills and Pepper Bridge), but the reductive, plastic flavor masks much of the fruit."
112289,wine_112289,US,"This has a reductive nose, with stewed blackberry giving a fruity side to the barnyard-y aromas. The flavors are earthy and savory, with some cigar box surrounding it all, but not tons of fruit.",The Octopus,85,22.0,California,Paso Robles,Central Coast,Matt Kettmann,@mattkettmann,Deep Sea 2011 The Octopus Merlot (Paso Robles),Merlot,Deep Sea,"Wine for preference modeling. Title: Deep Sea 2011 The Octopus Merlot (Paso Robles). Variety: Merlot. Country: US. Province: California. Points: 85. Price: 22.0. Description: This has a reductive nose, with stewed blackberry giving a fruity side to the barnyard-y aromas. The flavors are earthy and savory, with some cigar box surrounding it all, but not tons of fruit."
18600,wine_18600,US,"Rustic and a little sweet tasting, this has flavors of cherry pie, red currant and toast. Drink it with cheeseburgers.",,84,10.0,California,California,California Other,,,Insomnia 2010 Red (California),Red Blend,Insomnia,"Wine for preference modeling. Title: Insomnia 2010 Red (California). Variety: Red Blend. Country: US. Province: California. Points: 84. Price: 10.0. Description: Rustic and a little sweet tasting, this has flavors of cherry pie, red currant and toast. Drink it with cheeseburgers."
20029,wine_20029,Portugal,"Named after the impressive 10-mile long Vasco da Gama bridge that spans the Tagus estuary, this wine is soft, rounded and fruity. It has delicious, ready-to-drink flavors of ripe cherries and juicy plums. The fruit is sustained by the dry tannins and fresh acidity. Drink now.",10 Mile Bridge,86,,Península de Setúbal,,,Roger Voss,@vossroger,Cooperativa Agricola de Santo Isidro de Pegoes 2014 10 Mile Bridge Castelão (Península de Setúbal),Castelão,Cooperativa Agricola de Santo Isidro de Pegoes,"Wine for preference modeling. Title: Cooperativa Agricola de Santo Isidro de Pegoes 2014 10 Mile Bridge Castelão (Península de Setúbal). Variety: Castelão. Country: Portugal. Province: Península de Setúbal. Points: 86. Price: . Description: Named after the impressive 10-mile long Vasco da Gama bridge that spans the Tagus estuary, this wine is soft, rounded and fruity. It has delicious, ready-to-drink flavors of ripe cherries and juicy plums. The fruit is sustained by the dry tannins and fresh acidity. Drink now."
38837,wine_38837,US,"This may be the best bottling yet by actress Drew Barrymore and her team. The pale-pink wine offers light pink lemonade, plum, cherry and bubblegum aromas. The palate combines lime juice, pluot flesh and mandarin zest, set against a chalky backbone and laced with bright acidity.",Rosé of,90,18.0,California,Monterey County,Central Coast,Matt Kettmann,@mattkettmann,Barrymore by Carmel Road 2016 Rosé of Pinot Noir (Monterey County),Pinot Noir,Barrymore by Carmel Road,"Wine for preference modeling. Title: Barrymore by Carmel Road 2016 Rosé of Pinot Noir (Monterey County). Variety: Pinot Noir. Country: US. Province: California. Points: 90. Price: 18.0. Description: This may be the best bottling yet by actress Drew Barrymore and her team. The pale-pink wine offers light pink lemonade, plum, cherry and bubblegum aromas. The palate combines lime juice, pluot flesh and mandarin zest, set against a chalky backbone and laced with bright acidity."
129413,wine_129413,Australia,"A bit more austere than some of Kilikanoon's other cuveés, Mort's Block is in it for the long haul. Still a baby, it currently shows lemon-lime characters, with kerosene and Barbie doll plastic. The palate is linear and supercitrusy. Drink 2018–2025.",Mort's Block,89,20.0,South Australia,Clare Valley,,,,Kilikanoon 2016 Mort's Block Riesling (Clare Valley),Riesling,Kilikanoon,"Wine for preference modeling. Title: Kilikanoon 2016 Mort's Block Riesling (Clare Valley). Variety: Riesling. Country: Australia. Province: South Australia. Points: 89. Price: 20.0. Description: A bit more austere than some of Kilikanoon's other cuveés, Mort's Block is in it for the long haul. Still a baby, it currently shows lemon-lime characters, with kerosene and Barbie doll plastic. The palate is linear and supercitrusy. Drink 2018–2025."
59282,wine_59282,New Zealand,"The deep gold color with a hint of copper suggests some skin contact. The attractive melon, lychee and spice aromas quickly dissipate with air, leaving mot much more than a slight astringency on the finish. Sourced from Nelson.",,83,25.0,New Zealand,,,Joe Czerwinski,@JoeCz,Crowded House 2007 Pinot Gris (New Zealand),Pinot Gris,Crowded House,"Wine for preference modeling. Title: Crowded House 2007 Pinot Gris (New Zealand). Variety: Pinot Gris. Country: New Zealand. Province: New Zealand. Points: 83. Price: 25.0. Description: The deep gold color with a hint of copper suggests some skin contact. The attractive melon, lychee and spice aromas quickly dissipate with air, leaving mot much more than a slight astringency on the finish. Sourced from Nelson."
43649,wine_43649,Spain,"CVNE's top wines from 2010 are outstanding across the board. This sun-baked wine is bursting with black cherry, blackberry, spice, vanilla and cedary aromas. A tight, exact and fresh palate blends richness and balance, while ripe blackberry, cassis and black pepper flavors finish with a pure feel, a touch of buttery oak, and nuances of licorice and herbs. Drink this modern beauty through 2025.",Pagos de Viña Real,95,110.0,Northern Spain,Rioja,,Michael Schachner,@wineschach,CVNE 2010 Pagos de Viña Real  (Rioja),Tempranillo Blend,CVNE,"Wine for preference modeling. Title: CVNE 2010 Pagos de Viña Real (Rioja). Variety: Tempranillo Blend. Country: Spain. Province: Northern Spain. Points: 95. Price: 110.0. Description: CVNE's top wines from 2010 are outstanding across the board. This sun-baked wine is bursting with black cherry, blackberry, spice, vanilla and cedary aromas. A tight, exact and fresh palate blends richness and balance, while ripe blackberry, cassis and black pepper flavors finish with a pure feel, a touch of buttery oak, and nuances of licorice and herbs. Drink this modern beauty through 2025."
54168,wine_54168,Spain,"Oaky, concentrated black-fruit aromas feature notes of graphite and savory earth. This Monastrell is deep, jammy and textured on a full-bodied palate. Spicy oak and black-plum flavors finish toasty, with hints of baking spices and dried herbs. Drink through 2019.",La Finca Selección Monastrell,90,35.0,Levante,Jumilla,,Michael Schachner,@wineschach,Baica 2015 La Finca Selección Monastrell Monastrell (Jumilla),Monastrell,Baica,"Wine for preference modeling. Title: Baica 2015 La Finca Selección Monastrell Monastrell (Jumilla). Variety: Monastrell. Country: Spain. Province: Levante. Points: 90. Price: 35.0. Description: Oaky, concentrated black-fruit aromas feature notes of graphite and savory earth. This Monastrell is deep, jammy and textured on a full-bodied palate. Spicy oak and black-plum flavors finish toasty, with hints of baking spices and dried herbs. Drink through 2019."
64349,wine_64349,US,"Journaux, the winery notes, is an old Burgundian term for the amount of land a person could plow by horse in a single day. The Azana vineyard is the source for the fruit, and is about four journaux in size. It brings flavors of strawberry candy, raspberry soda, and a bit of Dr Pepper. At first a forward, fruity, charming wine, it turns brambly and herbal in the well-balanced finish.",Quatre Journaux,91,70.0,Oregon,Chehalem Mountains,Willamette Valley,Paul Gregutt,@paulgwine,Scott Paul 2012 Quatre Journaux Pinot Noir (Chehalem Mountains),Pinot Noir,Scott Paul,"Wine for preference modeling. Title: Scott Paul 2012 Quatre Journaux Pinot Noir (Chehalem Mountains). Variety: Pinot Noir. Country: US. Province: Oregon. Points: 91. Price: 70.0. Description: Journaux, the winery notes, is an old Burgundian term for the amount of land a person could plow by horse in a single day. The Azana vineyard is the source for the fruit, and is about four journaux in size. It brings flavors of strawberry candy, raspberry soda, and a bit of Dr Pepper. At first a forward, fruity, charming wine, it turns brambly and herbal in the well-balanced finish."
128350,wine_128350,US,"It's swanky because of the crisp acidity and dryness, and the minerality that boosts the lemon, lime and Asian pear flavors. An easy-to-like wine that feels elegant.",Swanky White,88,12.0,California,California,California Other,,,Hey Mambo 2009 Swanky White White (California),White Blend,Hey Mambo,"Wine for preference modeling. Title: Hey Mambo 2009 Swanky White White (California). Variety: White Blend. Country: US. Province: California. Points: 88. Price: 12.0. Description: It's swanky because of the crisp acidity and dryness, and the minerality that boosts the lemon, lime and Asian pear flavors. An easy-to-like wine that feels elegant."
38887,wine_38887,France,"Aromas of green apples bring a fresh burst of acidity. The wine is bright, with a firm texture of lime zest and red apple skins.",Colombard,86,12.0,Southwest France,Vin de Pays des Côtes de Gascogne,,Roger Voss,@vossroger,Domaine de Mirail 2008 Colombard Colombard (Vin de Pays des Côtes de Gascogne),Colombard,Domaine de Mirail,"Wine for preference modeling. Title: Domaine de Mirail 2008 Colombard Colombard (Vin de Pays des Côtes de Gascogne). Variety: Colombard. Country: France. Province: Southwest France. Points: 86. Price: 12.0. Description: Aromas of green apples bring a fresh burst of acidity. The wine is bright, with a firm texture of lime zest and red apple skins."
81957,wine_81957,,"This wine is made from grapes grown in the Lake Balaton region and has aromas of lemon blossom, vanilla and lemon curd, which lead the way to well-combined flavors of green apple, pear and pineapple. It is medium bodied on the palate with a clean finish.",Márga,89,18.0,,,,Jeff Jenssen,@worldwineguys,St. Donat 2015 Márga Furmint,Furmint,St. Donat,"Wine for preference modeling. Title: St. Donat 2015 Márga Furmint. Variety: Furmint. Country: . Province: . Points: 89. Price: 18.0. Description: This wine is made from grapes grown in the Lake Balaton region and has aromas of lemon blossom, vanilla and lemon curd, which lead the way to well-combined flavors of green apple, pear and pineapple. It is medium bodied on the palate with a clean finish."
70070,wine_70070,US,"Chris Gorman's “Devil” project includes this juicy, fruity red blend, based mostly upon Bordeaux grapes. The forward cherry-berry flavors push through with some power into a chocolate-malted explosion with peppery highlights.",The Devil You Know,89,28.0,Washington,Columbia Valley (WA),Columbia Valley,Paul Gregutt,@paulgwine,Gorman 2012 The Devil You Know Red (Columbia Valley (WA)),Red Blend,Gorman,"Wine for preference modeling. Title: Gorman 2012 The Devil You Know Red (Columbia Valley (WA)). Variety: Red Blend. Country: US. Province: Washington. Points: 89. Price: 28.0. Description: Chris Gorman's “Devil” project includes this juicy, fruity red blend, based mostly upon Bordeaux grapes. The forward cherry-berry flavors push through with some power into a chocolate-malted explosion with peppery highlights."
55878,wine_55878,South Africa,"Vanilla, honey, citrus and spice aromas lead this luscious white blend from Bellingham. On the palate, vanilla, lemon and creamy white fruit all mingle in a round, integrated character, but are spun with spice. A pretty, appealing white with something for everyone.",Fair Maiden,89,19.0,Franschhoek,,,Susan Kostrzewa,@suskostrzewa,Bellingham 2008 Fair Maiden White (Franschhoek),White Blend,Bellingham,"Wine for preference modeling. Title: Bellingham 2008 Fair Maiden White (Franschhoek). Variety: White Blend. Country: South Africa. Province: Franschhoek. Points: 89. Price: 19.0. Description: Vanilla, honey, citrus and spice aromas lead this luscious white blend from Bellingham. On the palate, vanilla, lemon and creamy white fruit all mingle in a round, integrated character, but are spun with spice. A pretty, appealing white with something for everyone."
30227,wine_30227,US,"Notes of honeyed nut and yellow apple fill the nose, with traces of tropical fruit and white flower adding interest. The palate is light to medium bodied, and it offers fresh acidity. While the wine doesn't exude Viognier's exotic, voluptuous traits, it demonstrates the grape's restrained, elegant side.",,86,22.0,Virginia,Shenandoah Valley,,,,Barren Ridge 2011 Viognier (Shenandoah Valley),Viognier,Barren Ridge,"Wine for preference modeling. Title: Barren Ridge 2011 Viognier (Shenandoah Valley). Variety: Viognier. Country: US. Province: Virginia. Points: 86. Price: 22.0. Description: Notes of honeyed nut and yellow apple fill the nose, with traces of tropical fruit and white flower adding interest. The palate is light to medium bodied, and it offers fresh acidity. While the wine doesn't exude Viognier's exotic, voluptuous traits, it demonstrates the grape's restrained, elegant side."
89336,wine_89336,US,"This might be called banana Port, for a rich, banana flavor is what dominates. Of course, with Muscat, you will also find tangerine and orange, like a tangy sauce over the richer, creamier banana. You've got to think—pair this with a banana split? Could be the dessert of the century!",Port,87,28.0,Oregon,Willamette Valley,Willamette Valley,Paul Gregutt,@paulgwine,David Hill 2006 Port Muscat (Willamette Valley),Muscat,David Hill,"Wine for preference modeling. Title: David Hill 2006 Port Muscat (Willamette Valley). Variety: Muscat. Country: US. Province: Oregon. Points: 87. Price: 28.0. Description: This might be called banana Port, for a rich, banana flavor is what dominates. Of course, with Muscat, you will also find tangerine and orange, like a tangy sauce over the richer, creamier banana. You've got to think—pair this with a banana split? Could be the dessert of the century!"
